-- MySQL dump 10.13  Distrib 8.0.19, for Win64 (x86_64)
--
-- Host: localhost    Database: db_q1a
-- ------------------------------------------------------
-- Server version	8.0.19

/*!40101 SET @OLD_CHARACTER_SET_CLIENT=@@CHARACTER_SET_CLIENT */;
/*!40101 SET @OLD_CHARACTER_SET_RESULTS=@@CHARACTER_SET_RESULTS */;
/*!40101 SET @OLD_COLLATION_CONNECTION=@@COLLATION_CONNECTION */;
/*!50503 SET NAMES utf8 */;
/*!40103 SET @OLD_TIME_ZONE=@@TIME_ZONE */;
/*!40103 SET TIME_ZONE='+00:00' */;
/*!40014 SET @OLD_UNIQUE_CHECKS=@@UNIQUE_CHECKS, UNIQUE_CHECKS=0 */;
/*!40014 SET @OLD_FOREIGN_KEY_CHECKS=@@FOREIGN_KEY_CHECKS, FOREIGN_KEY_CHECKS=0 */;
/*!40101 SET @OLD_SQL_MODE=@@SQL_MODE, SQL_MODE='NO_AUTO_VALUE_ON_ZERO' */;
/*!40111 SET @OLD_SQL_NOTES=@@SQL_NOTES, SQL_NOTES=0 */;

--
-- Table structure for table `answer`
--

DROP TABLE IF EXISTS `answer`;
/*!40101 SET @saved_cs_client     = @@character_set_client */;
/*!50503 SET character_set_client = utf8mb4 */;
CREATE TABLE `answer` (
  `AnswerId` int NOT NULL AUTO_INCREMENT,
  `QuestionId` int NOT NULL,
  `AnswerText` varchar(3000) DEFAULT NULL,
  `IsRightAnswer` tinyint(1) DEFAULT NULL,
  PRIMARY KEY (`AnswerId`)
) ENGINE=InnoDB AUTO_INCREMENT=3360 DEFAULT CHARSET=utf8mb4 COLLATE=utf8mb4_0900_ai_ci;
/*!40101 SET character_set_client = @saved_cs_client */;

--
-- Dumping data for table `answer`
--

LOCK TABLES `answer` WRITE;
/*!40000 ALTER TABLE `answer` DISABLE KEYS */;
INSERT INTO `answer` VALUES (1,1,'Foolish',1),(2,1,'Bitter',0),(3,1,'Voracious',0),(4,1,'Veracious',0),(5,2,'Carried',0),(6,2,'Close',0),(7,2,'Permanent',1),(8,2,'Removed',0),(9,3,'Produced by fire',0),(10,3,'Worthy',1),(11,3,'Given to questioning',0),(12,3,'Huge',0),(13,4,'Various',0),(14,4,'Lacking',0),(15,4,'Benign',1),(16,4,'Pompous',0),(17,5,'Achieving',0),(18,5,'Serious',1),(19,5,'Capitalistic',0),(20,5,'Sneezing',0),(21,6,'Amuse',0),(22,6,'Treat honestly',1),(23,6,'Vilify',0),(24,6,'Shackle',0),(25,7,'Narrowing',0),(26,7,'Prompt',1),(27,7,'Enlarging',0),(28,7,'Portentous',0),(29,8,'Suggestive',0),(30,8,'Doubtful',0),(31,8,'Untidy',0),(32,8,'Pleasant',1),(33,9,'Related',0),(34,9,'Mischievous',0),(35,9,'Respective',0),(36,9,'Pious',1),(37,10,'Youthful',0),(38,10,'Ruddy',0),(39,10,'Sedate',1),(40,10,'Unravelled',0),(41,11,'Bridge',0),(42,11,'Solemnity',1),(43,11,'Blame',0),(44,11,'Dam',0),(45,12,'Effortless',0),(46,12,'Proper',1),(47,12,'Conducive',0),(48,12,'Pointed',0),(49,13,'Rude',1),(50,13,'Ruddy',0),(51,13,'Needy',0),(52,13,'Conscious',0),(53,14,'Fiery',0),(54,14,'Clever',0),(55,14,'Ardent',1),(56,14,'Intriguing',0),(57,15,'Imbalance',1),(58,15,'Inequity',0),(59,15,'Directness',0),(60,15,'Urgency',0),(61,16,'Clown',0),(62,16,'Hero',0),(63,16,'Introvert',1),(64,16,'Neurotic',0),(65,17,'Polite',1),(66,17,'Perishable',0),(67,17,'Moral',0),(68,17,'Deliberate',0),(69,18,'Robust',0),(70,18,'Witty',0),(71,18,'Wan',1),(72,18,'Exotic',0),(73,19,'Big',0),(74,19,'Major',1),(75,19,'Tall',0),(76,19,'Heavy',0),(77,20,'Vocation',0),(78,20,'Pacification',1),(79,20,'Peace',0),(80,20,'Destruction',0),(81,21,'Indifferent',1),(82,21,'Troublesome',0),(83,21,'Weak',0),(84,21,'Unconcerned',0),(85,22,'Defeated',1),(86,22,'Annexed',0),(87,22,'Destroyed',0),(88,22,'Vanquished',0),(89,23,'Frugal',0),(90,23,'Thrifty',0),(91,23,'Stingy',0),(92,23,'Generous',1),(93,24,'Copious',0),(94,24,'Extravagant',1),(95,24,'Generous',0),(96,24,'Ostentatious',0),(97,25,'Aggressive',0),(98,25,'Straightforward',0),(99,25,'Dignified',1),(100,25,'Supercilious',0),(101,26,'Invaluable',0),(102,26,'Worthless',1),(103,26,'Inferior',0),(104,26,'Lowly',0),(105,27,'Resurgence',0),(106,27,'Breakthrough',1),(107,27,'Continuation',0),(108,27,'Combination',0),(109,28,'Indigence',1),(110,28,'Opulence',0),(111,28,'Sorrow',0),(112,28,'Exuberance',0),(113,29,'Admire',1),(114,29,'Respect',0),(115,29,'Applaud',0),(116,29,'Appreciate',0),(117,30,'Wild',0),(118,30,'Hungry',1),(119,30,'Angry',0),(120,30,'Quick',0),(121,31,'Fast',0),(122,31,'Slow',0),(123,31,'Medium',0),(124,31,'Shy',1),(125,32,'Inflexible',0),(126,32,'Bitter',0),(127,32,'Good-natured',0),(128,32,'Disguisedly sarcastic',1),(129,33,'Agreements',0),(130,33,'Contracts',0),(131,33,'Documents',0),(132,33,'Letters',1),(133,34,'Far',1),(134,34,'Removed',0),(135,34,'Reserved',0),(136,34,'Separate',0),(137,35,'Complain',1),(138,35,'Comment',0),(139,35,'Condone',0),(140,35,'Console',0),(141,36,'Poor',1),(142,36,'Foolish',0),(143,36,'Insane',0),(144,36,'Strained',0),(145,37,'Hindrance',0),(146,37,'Repression',0),(147,37,'Obstacle',0),(148,37,'Restriction',1),(149,38,'Full of confidence',0),(150,38,'Nan',1),(151,38,'Encouraging',0),(152,38,'Provocative',0),(153,39,'Punish',0),(154,39,'Curse',0),(155,39,'Dismiss',0),(156,39,'Reprimand',1),(157,40,'Lean',0),(158,40,'Gaunt',0),(159,40,'Emaciated',0),(160,40,'Obese',1),(161,41,'Appreciate',0),(162,41,'Frank',0),(163,41,'Indulge',0),(164,41,'Pacify',1),(165,42,'Courageous',0),(166,42,'Rash',1),(167,42,'Bold',0),(168,42,'Daring',0),(169,43,'Opening',1),(170,43,'Stodgy',0),(171,43,'End',0),(172,43,'Past tense of go',0),(173,44,'Face',0),(174,44,'Fragile',0),(175,44,'Soft',0),(176,44,'Easily done',1),(177,45,'Self-confidence',0),(178,45,'Probe',0),(179,45,'Approval',1),(180,45,'Distress',0),(181,46,'Discipline',0),(182,46,'To go away',0),(183,46,'Deceit',0),(184,46,'Slander',1),(185,47,'Beautifiul',0),(186,47,'Distasteful',0),(187,47,'Boring',0),(188,47,'Crude',1),(189,48,'Disturb',0),(190,48,'Carefree',1),(191,48,'Distress',0),(192,48,'Emotive',0),(193,49,'Credible',0),(194,49,'Discipline',0),(195,49,'Gullible',1),(196,49,'Weakness',0),(197,50,'Delude',0),(198,50,'Fancy',0),(199,50,'Flood',1),(200,50,'Illusion',0),(201,51,'Conversation',0),(202,51,'Speech',1),(203,51,'Function',0),(204,51,'Religion',0),(205,52,'Discreet',0),(206,52,'Disturb',0),(207,52,'Different',1),(208,52,'Defame',0),(209,53,'Flee',0),(210,53,'Enter',0),(211,53,'Trap',0),(212,53,'Tempt',1),(213,54,'Lively',1),(214,54,'Argumentative',0),(215,54,'Loud',0),(216,54,'Curious',0),(217,55,'Eagerness',0),(218,55,'Weakness',0),(219,55,'Indifference',1),(220,55,'Softness',0),(221,56,'Intermittent',1),(222,56,'Harsh',0),(223,56,'Soft',0),(224,56,'Constant',0),(225,57,'Indefinite',0),(226,57,'Vague',0),(227,57,'Idealistic',1),(228,57,'Optimistic',0),(229,58,'Please',0),(230,58,'Praise',1),(231,58,'Belittle',0),(232,58,'Denigrate',0),(233,59,'Retrace',0),(234,59,'Distract',0),(235,59,'Curtail',1),(236,59,'Expose',0),(237,60,'Sunday',0),(238,60,'Tuesday',0),(239,60,'Thursday',1),(240,60,'Monday',0),(241,61,'30',0),(242,61,'34',1),(243,61,'20',0),(244,61,'24',0),(245,62,'18',0),(246,62,'20',1),(247,62,'21',0),(248,62,'22',0),(249,63,'50',0),(250,63,'60',0),(251,63,'75',0),(252,63,'Nan',1),(253,64,'240',1),(254,64,'249',0),(255,64,'267',0),(256,64,'218',0),(257,65,'1000 l',0),(258,65,'1200 l',1),(259,65,'1600 l',0),(260,65,'2100 l',0),(261,66,'99',0),(262,66,'92',0),(263,66,'97',1),(264,66,'112',0),(265,67,'1:5',1),(266,67,'5:1',0),(267,67,'5:4',0),(268,67,'4:5',0),(269,68,'70',0),(270,68,'75',0),(271,68,'125',1),(272,68,'155',0),(273,69,'12,24,36',1),(274,69,'11,22,33',0),(275,69,'12,24,32',0),(276,69,'5,10,15',0),(277,70,'11',0),(278,70,'9',1),(279,70,'13',0),(280,70,'17',0),(281,71,'2',0),(282,71,'265',0),(283,71,'240',0),(284,71,'245',1),(285,72,'1',0),(286,72,'3',0),(287,72,'7',0),(288,72,'Nan',1),(289,73,'289',0),(290,73,'731',0),(291,73,'391',0),(292,73,'221',1),(293,74,'72',0),(294,74,'18',1),(295,74,'15',0),(296,74,'36',0),(297,75,'12.10 pm',0),(298,75,'12.12 pm',0),(299,75,'12.11 pm',0),(300,75,'None of these',1),(301,76,'7',0),(302,76,'8',0),(303,76,'9',0),(304,76,'10',1),(305,77,'120 meters',0),(306,77,'180 metres',0),(307,77,'324 metres',0),(308,77,'150 metres',1),(309,78,'45 km/hr',0),(310,78,'50 km/hr',1),(311,78,'54 km/hr',0),(312,78,'54 km/hr',0),(313,79,'200 m',0),(314,79,'225 m',0),(315,79,'245 m',1),(316,79,'250 m',0),(317,80,'120 meters',0),(318,80,'240 m',1),(319,80,'360 m',0),(320,80,'None of these',0),(321,81,'65 sec',0),(322,81,'89 sec',1),(323,81,'100 sec',0),(324,81,'150 sec',0),(325,82,'50 m',1),(326,82,'72 m',0),(327,82,'80 m',0),(328,82,'82 m',0),(329,83,'40 sec',1),(330,83,'42 sec',0),(331,83,'15 sec',0),(332,83,'48 sec',0),(333,84,'36',0),(334,84,'45',0),(335,84,'48',1),(336,84,'49',0),(337,85,'3.6 sec',0),(338,85,'18 sec',0),(339,85,'36 sec',1),(340,85,'72 sec',0),(341,86,'230 m',1),(342,86,'240 m',0),(343,86,'260 m',0),(344,86,'320 m',0),(345,87,'230 m',0),(346,87,'240 m',0),(347,87,'260 m',0),(348,87,'270 m',1),(349,88,'30km/hr',0),(350,88,'45km/hr',0),(351,88,'60km/hr',1),(352,88,'75km/hr',0),(353,89,'9',0),(354,89,'9.6',0),(355,89,'10',0),(356,89,'10.8',1),(357,90,'5 sec',0),(358,90,'6 sec',1),(359,90,'7 sec',0),(360,90,'10 sec',0),(361,91,'173 m',0),(362,91,'200 m',0),(363,91,'273 m',1),(364,91,'300 m',0),(365,92,'12 units',0),(366,92,'8 units',0),(367,92,'4 units',0),(368,92,'Data inadequate',1),(369,93,'2.3 m',0),(370,93,'4.6 m',0),(371,93,'7.8 m',0),(372,93,'9.2 m',1),(373,94,'149 m',0),(374,94,'156 m',0),(375,94,'173 m',1),(376,94,'200 m',0),(377,95,'Rs 650',0),(378,95,'Rs 690',0),(379,95,'Rs 698',1),(380,95,'Rs 700',0),(381,96,'Rs 6400',1),(382,96,'Rs 6500',0),(383,96,'Rs 7200',0),(384,96,'Rs 7500',0),(385,97,'4462.5',0),(386,97,'8032.5',0),(387,97,'8900',0),(388,97,'8925',1),(389,98,'3.5 yr',0),(390,98,'4 yr',1),(391,98,'4.5 yr',0),(392,98,'5 yr',0),(393,99,'3.6',0),(394,99,'6',1),(395,99,'18',0),(396,99,'Cannot be determined',0),(397,100,'0.03',0),(398,100,'0.04',0),(399,100,'0.05',0),(400,100,'0.06',1),(401,101,'0.1',0),(402,101,'0.1025',1),(403,101,'0.105',0),(404,101,'None of these',0),(405,102,'0.05',0),(406,102,'0.07',0),(407,102,'0.075',0),(408,102,'0.1',1),(409,103,'0.036',0),(410,103,'0.045',0),(411,103,'0.05',0),(412,103,'None of these',1),(413,104,'Rs 2000',0),(414,104,'Rs 10,000',0),(415,104,'Rs 15,000',1),(416,104,'Rs 20,000',0),(417,105,'0.05',0),(418,105,'0.08',0),(419,105,'0.12',1),(420,105,'0.15',0),(421,106,'1:3',0),(422,106,'1:4',0),(423,106,'2:3',1),(424,106,'Data inadequate',0),(425,107,'Rs 35',0),(426,107,'Rs 245',0),(427,107,'Rs 350',0),(428,107,'Cannot be determined',1),(429,108,'Rs 112.50',1),(430,108,'Rs 125',0),(431,108,'Rs. 225',0),(432,108,'Rs. 167.23',0),(433,109,'0.0457',0),(434,109,'0.0545',1),(435,109,'0.1',0),(436,109,'0.12',0),(437,110,'15',0),(438,110,'16',1),(439,110,'18',0),(440,110,'25',0),(441,111,'0.3',0),(442,111,'0.7',1),(443,111,'1',0),(444,111,'2.5',0),(445,112,'3',0),(446,112,'4',0),(447,112,'5',1),(448,112,'6',0),(449,113,'80',1),(450,113,'100',0),(451,113,'60',0),(452,113,'90',0),(453,114,'932',0),(454,114,'239',1),(455,114,'326',0),(456,114,'Cant be determined',0),(457,115,'330',1),(458,115,'360',0),(459,115,'350',0),(460,115,'372',0),(461,116,'56',0),(462,116,'63',0),(463,116,'42',0),(464,116,'None of these',1),(465,117,'444',0),(466,117,'442',1),(467,117,'440',0),(468,117,'446',0),(469,118,'75',0),(470,118,'77',0),(471,118,'85',0),(472,118,'None of these',1),(473,119,'415',0),(474,119,'400',0),(475,119,'410',0),(476,119,'None of these',1),(477,120,'2020-11-17 00:00:00',0),(478,120,'2020-11-15 00:00:00',0),(479,120,'15/17',1),(480,120,'13/15',0),(481,121,'82',0),(482,121,'83',0),(483,121,'74',0),(484,121,'None of these',1),(485,122,'54',0),(486,122,'52',0),(487,122,'48',0),(488,122,'56',1),(489,123,'63',0),(490,123,'64',1),(491,123,'65',0),(492,123,'66',0),(493,124,'108',0),(494,124,'107',0),(495,124,'110',0),(496,124,'None of these',1),(497,125,'223',0),(498,125,'225',0),(499,125,'243',0),(500,125,'None of these',1),(501,126,'16',0),(502,126,'30',0),(503,126,'24',0),(504,126,'45',1),(505,127,'2020-01-02 00:00:00',0),(506,127,'2020-03-14 00:00:00',0),(507,127,'2020-01-06 00:00:00',0),(508,127,'None of these',1),(509,128,'182',0),(510,128,'165',0),(511,128,'172',0),(512,128,'175',1),(513,129,'65',1),(514,129,'12',0),(515,129,'59',0),(516,129,'4',0),(517,130,'2020-04-09 00:00:00',0),(518,130,'2020-04-05 00:00:00',1),(519,130,'2020-08-09 00:00:00',0),(520,130,'2020-08-11 00:00:00',0),(521,131,'75',0),(522,131,'77',0),(523,131,'85',1),(524,131,'Cant be determined',0),(525,132,'18',0),(526,132,'8',0),(527,132,'9',0),(528,132,'None of these',1),(529,133,'498',0),(530,133,'468',0),(531,133,'478',0),(532,133,'None of these',1),(533,134,'324',1),(534,134,'342',0),(535,134,'18',0),(536,134,'361',0),(537,135,'Rs 10,000',1),(538,135,'Rs 12000',0),(539,135,'Rs 15000',0),(540,135,'Rs 25000',0),(541,136,'27',0),(542,136,'31',1),(543,136,'39',0),(544,136,'37',0),(545,137,'74.2',0),(546,137,'72.2',1),(547,137,'70.4',0),(548,137,'72.4',0),(549,138,'2850',0),(550,138,'None of these',1),(551,138,'2560',0),(552,138,'2480',0),(553,139,'18',0),(554,139,'2744',0),(555,139,'1728',0),(556,139,'12',1),(557,140,'35',0),(558,140,'30',0),(559,140,'45',1),(560,140,'40',0),(561,141,'1764',0),(562,141,'1849',0),(563,141,'1936',1),(564,141,'2025',0),(565,142,'15',1),(566,142,'18',0),(567,142,'16',0),(568,142,'12',0),(569,143,'14',0),(570,143,'7',0),(571,143,'19',1),(572,143,'11',0),(573,144,'338',1),(574,144,'84.5',0),(575,144,'253.5',0),(576,144,'169',0),(577,145,'92000',1),(578,145,'4600',0),(579,145,'137800',0),(580,145,'7000',0),(581,146,'4174',0),(582,146,'4264',0),(583,146,'4804',0),(584,146,'None of these',1),(585,147,'2015-10-01 00:00:00',0),(586,147,'10',0),(587,147,'5',0),(588,147,'15',1),(589,148,'200',0),(590,148,'2444',1),(591,148,'2000',0),(592,148,'1153',0),(593,149,'480',0),(594,149,'324',0),(595,149,'300',1),(596,149,'298',0),(597,150,'6984',0),(598,150,'6884',0),(599,150,'6894',1),(600,150,'6954',0),(601,151,'84.5',0),(602,151,'83.35',1),(603,151,'83.53',0),(604,151,'82.45',0),(605,152,'4900',1),(606,152,'4890',0),(607,152,'4850',0),(608,152,'4950',0),(609,153,'3520',1),(610,153,'3250',0),(611,153,'3350',0),(612,153,'3540',0),(613,154,'1.87',0),(614,154,'20.1',0),(615,154,'2.01',0),(616,154,'18.7',1),(617,155,'17',0),(618,155,'19',0),(619,155,'√279',0),(620,155,'None of these',1),(621,156,'3',1),(622,156,'4',0),(623,156,'5',0),(624,156,'6',0),(625,157,'5',0),(626,157,'6',0),(627,157,'7',1),(628,157,'8',0),(629,158,'2004-03-01 00:00:00',0),(630,158,'2012-03-05 00:00:00',1),(631,158,'2012-02-07 00:00:00',0),(632,158,'2004-03-03 00:00:00',0),(633,159,'4.2',1),(634,159,'6.8',0),(635,159,'4.9',0),(636,159,'5.6',0),(637,160,'48.2',0),(638,160,'49.2',0),(639,160,'-138.8',0),(640,160,'None of these',1),(641,161,'378',0),(642,161,'756',1),(643,161,'252',0),(644,161,'332',0),(645,162,'5',1),(646,162,'4',0),(647,162,'7',0),(648,162,'6',0),(649,163,'138',0),(650,163,'238',1),(651,163,'158',0),(652,163,'258',0),(653,164,'81.711',0),(654,164,'80.701',0),(655,164,'71.711',0),(656,164,'None of these',1),(657,165,'300',0),(658,165,'620',1),(659,165,'720',0),(660,165,'500',0),(661,166,'13: 25 : 15',0),(662,166,'20 : 25: 13',0),(663,166,'15:25:13',1),(664,166,'Cannot be determined',0),(665,167,'162°',0),(666,167,'198°',0),(667,167,'990',0),(668,167,'135°',1),(669,168,'Rs.7.68 lacs',0),(670,168,'Rs.56,000',0),(671,168,'Rs.8.4 lacs',0),(672,168,'Rs.64,000',1),(673,169,'80°',0),(674,169,'60°',1),(675,169,'120°',0),(676,169,'Cannot be determined',0),(677,170,'160°',0),(678,170,'180°',1),(679,170,'190°',0),(680,170,'170°',0),(681,171,'104°',0),(682,171,'108°',0),(683,171,'72°',0),(684,171,'96°',1),(685,172,'149',0),(686,172,'129',0),(687,172,'153',1),(688,172,'173',0),(689,173,'17 years',0),(690,173,'51 years',0),(691,173,'34 years',1),(692,173,'28 years',0),(693,174,'30°',0),(694,174,'60°',0),(695,174,'40°',1),(696,174,'20°',0),(697,175,'45 years',0),(698,175,'29 years',1),(699,175,'49 years',0),(700,175,'Cannot b determined',0),(701,176,'136°',0),(702,176,'1260',1),(703,176,'94°',0),(704,176,'96°',0),(705,177,'120°',0),(706,177,'90°',1),(707,177,'110°',0),(708,177,'100°',0),(709,178,'120',0),(710,178,'110°',0),(711,178,'100°',1),(712,178,'130°',0),(713,179,'25°',0),(714,179,'40°',0),(715,179,'35°',1),(716,179,'Cannot b determined',0),(717,180,'255°',0),(718,180,'260°',1),(719,180,'265°',0),(720,180,'2700',0),(721,181,'168°',1),(722,181,'228°',0),(723,181,'156°',0),(724,181,'224°',0),(725,182,'4 years',0),(726,182,'12 years',0),(727,182,'None of these',1),(728,182,'14 years',0),(729,183,'25 years',0),(730,183,'20 years',1),(731,183,'30 years',0),(732,183,'24 years',0),(733,184,'28 years',0),(734,184,'32 years',0),(735,184,'26 years',0),(736,184,'None of these',1),(737,185,'2 years',0),(738,185,'3 years',1),(739,185,'4 years',0),(740,185,'Cannot be determined',0),(741,186,'58 : 37',0),(742,186,'1900-01-04 21:09:00',0),(743,186,'69 : 43',0),(744,186,'None of these',1),(745,187,'0.25',0),(746,187,'0.4',0),(747,187,'0.3',0),(748,187,'0.2',1),(749,188,'4',1),(750,188,'8',0),(751,188,'10',0),(752,188,'12',0),(753,189,'24',0),(754,189,'30',1),(755,189,'20',0),(756,189,'36',0),(757,190,'24 literes',0),(758,190,'23 litres',0),(759,190,'24.3 litres',1),(760,190,'23.3 litre',0),(761,191,'1:2',0),(762,191,'2:1',1),(763,191,'2:3',0),(764,191,'3:2',0),(765,192,'50 litres',1),(766,192,'45 litres',0),(767,192,'40 litres',0),(768,192,'25 litres',0),(769,193,'76 litres',0),(770,193,'65 litres',0),(771,193,'60 litres',1),(772,193,'80 litres',0),(773,194,'120',0),(774,194,'150',0),(775,194,'105',0),(776,194,'135',1),(777,195,'17:3',0),(778,195,'9:1',1),(779,195,'04:17:00',0),(780,195,'5:3',0),(781,196,'38.4 litres',1),(782,196,'40 litres',0),(783,196,'36 litres',0),(784,196,'28.6 litres',0),(785,197,'85 litres',0),(786,197,'80 litres',0),(787,197,'81 litres',0),(788,197,'91 litres',1),(789,198,'0.2',0),(790,198,'0.22',0),(791,198,'0.24',0),(792,198,'0.25',1),(793,199,'Rs. 15,620',0),(794,199,'Rs. 13,180',1),(795,199,'Rs. 14,690',0),(796,199,'Rs. 12,770',0),(797,200,'Rs. 5600',1),(798,200,'Rs. 5400',0),(799,200,'Rs. 5800',0),(800,200,'Rs. 6200',0),(801,201,'Rs.21,450',0),(802,201,'Rs.24,440',0),(803,201,'Rs.27635',0),(804,201,'None of these',1),(805,202,'Rs.60,725',0),(806,202,'Rs.61,950',1),(807,202,'Rs.59,250',0),(808,202,'Rs.58,625',0),(809,203,'Rs.36,699',0),(810,203,'Rs.13,398',1),(811,203,'Rs.20,097',0),(812,203,'Rs.26,796',0),(813,204,'Rs.4986',0),(814,204,'Rs.4689',0),(815,204,'Rs.4886',0),(816,204,'Rs.4896',1),(817,205,'Rs.6027',1),(818,205,'Rs.6327',0),(819,205,'Rs.6527',0),(820,205,'Rs.6080',0),(821,206,'Rs. 25,100',1),(822,206,'Rs, 26,600',0),(823,206,'Rs. 24,300',0),(824,206,'Rs. 22,960',0),(825,207,'Rs.2010',0),(826,207,'Rs.2000',1),(827,207,'Rs.2100',0),(828,207,'Rs.2210',0),(829,208,'Rs.7,668',0),(830,208,'Rs.6,603',0),(831,208,'Rs.7,240',0),(832,208,'Rs.6,390',1),(833,209,'Rs.2700',0),(834,209,'Rs.2803',1),(835,209,'Rs.2900',0),(836,209,'Rs.2785',0),(837,210,'Rs.17221',0),(838,210,'Rs.17212',1),(839,210,'Rs.17222',0),(840,210,'Rs.18212',0),(841,211,'Rs.48000',1),(842,211,'Rs.45000',0),(843,211,'Rs.50000',0),(844,211,'Rs.40000',0),(845,212,'Rs. 48,000',1),(846,212,'Rs. 46,500',0),(847,212,'Rs. 46,000',0),(848,212,'Rs. 42,000',0),(849,213,'Rs. 3740',0),(850,213,'Rs. 3910',0),(851,213,'Rs. 4250',1),(852,213,'Rs. 4350',0),(853,214,'Rs. 900',1),(854,214,'Rs. 800',0),(855,214,'Rs. 600',0),(856,214,'Rs. 400',0),(857,215,'Rs. 50,000',1),(858,215,'Rs. 25,000',0),(859,215,'Rs. 1,50,000',0),(860,215,'Rs. 75,000',0),(861,216,'Loss of rs.1560',0),(862,216,'Profit of rs.1560',0),(863,216,'Loss of rs.1550',1),(864,216,'Profit of rs.1550',0),(865,217,'Loss of rs.36',0),(866,217,'Profit of rs.24',0),(867,217,'Loss of rs.54',0),(868,217,'None of these',1),(869,218,'Loss of 20 percent',0),(870,218,'Gain of 25 percent',1),(871,218,'Neither gain nor loss',0),(872,218,'Loss of 15 percent',0),(873,219,'Rs.1,360',0),(874,219,'Rs.1,300',0),(875,219,'Rs.1,240',0),(876,219,'Rs.1,480',1),(877,220,'Loss of rs.280',0),(878,220,'Profit of rs.2,160',0),(879,220,'Loss of rs.240',1),(880,220,'Profit of rs.2,060',0),(881,221,'Rs. 1.956',0),(882,221,'Rs. 1.586',0),(883,221,'Rs. 1,496',0),(884,221,'Rs. 1,596',1),(885,222,'Rs.1,314',1),(886,222,'Rs.1,343',0),(887,222,'Rs.1,414',0),(888,222,'Rs.1,434',0),(889,223,'Rs.6258',0),(890,223,'Rs.6528',0),(891,223,'Rs.6268',0),(892,223,'Rs.6628',1),(893,224,'0.1',0),(894,224,'0.15',0),(895,224,'0.2',1),(896,224,'0.25',0),(897,225,'220',1),(898,225,'240',0),(899,225,'200',0),(900,225,'Cannot be determined',0),(901,226,'Rs. 2000',1),(902,226,'Rs. 2200',0),(903,226,'Rs. 2400',0),(904,226,'Data inadequate',0),(905,227,'Rs. 18.20',0),(906,227,'Rs. 70',0),(907,227,'Rs. 72',1),(908,227,'Rs. 88.25',0),(909,228,'A. rs.1000',1),(910,228,'B. rs.1140',0),(911,228,'C. rs.860',0),(912,228,'D. rs.760',0),(913,229,'A. rs.357',0),(914,229,'B. rs.340',0),(915,229,'C. rs.342',1),(916,229,'D. rs.338',0),(917,230,'A. 3%',0),(918,230,'B. 4%',1),(919,230,'C. 5%',0),(920,230,'D. 6%',0),(921,231,'A. 25%',0),(922,231,'B. 30%',0),(923,231,'C. 31.6%',1),(924,231,'D. 33.5%',0),(925,232,'A. 20%',1),(926,232,'B. 25%',0),(927,232,'C. 13 1/30%',0),(928,232,'D. 12%',0),(929,233,'A. 10%',0),(930,233,'B. 11%',0),(931,233,'C. 12%',1),(932,233,'D. 15%',0),(933,234,'A. rs.38750',0),(934,234,'B. rs.38000',1),(935,234,'C. rs.40000',0),(936,234,'D. rs.42000',0),(937,235,'A. 7',0),(938,235,'B. 8',1),(939,235,'C. 9',0),(940,235,'D. 10',0),(941,236,'A. 20%',0),(942,236,'B. 25%',1),(943,236,'C. 18%',0),(944,236,'D. 30%',0),(945,237,'A. 16 2/3% profit',0),(946,237,'B. 50/6% profit',0),(947,237,'C. 16 2/3% loss',1),(948,237,'D. 100/3% loss',0),(949,238,'A. 16 2/3% loss',1),(950,238,'B. 100/3% loss',0),(951,238,'C. 50/3% profit',0),(952,238,'D. 100/3% loss',0),(953,239,'A. 8',1),(954,239,'B. 9',0),(955,239,'C. 12',0),(956,239,'D. 16',0),(957,240,'A. 15 5/15%',0),(958,240,'B. 18 2/11%',1),(959,240,'C. 16 2/3%',0),(960,240,'D. 30%',0),(961,241,'A. 35%',0),(962,241,'B. 30%',0),(963,241,'C. 40%',0),(964,241,'D. 42 6/7%',1),(965,242,'A. rs.2000',1),(966,242,'B. rs.1980',0),(967,242,'C. rs.1891',0),(968,242,'D. rs.1750',0),(969,243,'A. 20%',0),(970,243,'B. 45%',0),(971,243,'C. 44%',1),(972,243,'D. 48%',0),(973,244,'A. 20%',0),(974,244,'B. 25%',1),(975,244,'C. 30%',0),(976,244,'D. 15%',0),(977,245,'A. 11%',0),(978,245,'B. 11 2/9%',0),(979,245,'C. 11 1/9%',1),(980,245,'D. 10%',0),(981,246,'A. 700 gms',0),(982,246,'B. 750 gms',0),(983,246,'C. 800 gms',1),(984,246,'D. 850 gms',0),(985,247,'A. 20.98% profit',0),(986,247,'B. 20.98% loss',1),(987,247,'C. 20.89% profit',0),(988,247,'D. 20.89% loss',0),(989,248,'A. rs.5',0),(990,248,'B. rs.4',0),(991,248,'C. rs.2',0),(992,248,'D. rs.3',1),(993,249,'A. rs.20',0),(994,249,'B. rs.30',0),(995,249,'C. rs.40',1),(996,249,'D. rs.25',0),(997,250,'A. 2 3/2',0),(998,250,'B. 2 2/3',0),(999,250,'C. 2.5',1),(1000,250,'D. 3',0),(1001,251,'A. 1% gain',1),(1002,251,'B. 1% loss',0),(1003,251,'C. 10% loss',0),(1004,251,'D. no gain or no loss',0),(1005,252,'A. 9% loss',1),(1006,252,'B. 400',0),(1007,252,'C. 4000',0),(1008,252,'D. 324',0),(1009,253,'A. rs.28',0),(1010,253,'B. rs.280',1),(1011,253,'C. rs.140',0),(1012,253,'D. rs.70',0),(1013,254,'A. rs.370',0),(1014,254,'B. rs.375',1),(1015,254,'C. rs.350',0),(1016,254,'D. rs.300',0),(1017,255,'A. rs.250',1),(1018,255,'B. rs.225',0),(1019,255,'C. rs.275',0),(1020,255,'D. rs.200',0),(1021,256,'A. 30%',0),(1022,256,'B. 33%',0),(1023,256,'C. 33 1/3%',1),(1024,256,'D. 35%',0),(1025,257,'A. 1% gain',0),(1026,257,'B. 2% gain',0),(1027,257,'C. 1% loss',1),(1028,257,'D. 2% loss',0),(1029,258,'A. 37.5 %',1),(1030,258,'B. 38.5 %',0),(1031,258,'C. 42 %',0),(1032,258,'D. 27.5 %',0),(1033,259,'A. 12%',0),(1034,259,'B. 10%',1),(1035,259,'C. 6%',0),(1036,259,'D. 4%',0),(1037,260,'A. rs. 45',0),(1038,260,'B. rs. 50',0),(1039,260,'C. rs. 55',0),(1040,260,'D. rs. 60',1),(1041,261,'A. rs. 21,000',0),(1042,261,'B. rs. 22,500',0),(1043,261,'C. rs. 25,300',1),(1044,261,'D. rs. 25,800',0),(1045,262,'A. no profit, no loss',0),(1046,262,'B. 5%',1),(1047,262,'C. 8%',0),(1048,262,'D. 10%',0),(1049,263,'A. 7 liters',0),(1050,263,'B. 15 liters',0),(1051,263,'C. 10 liters',1),(1052,263,'D. 9 liters',0),(1053,264,'A. 9:1',1),(1054,264,'B. 4:7',0),(1055,264,'C. 7:1',0),(1056,264,'D. 2:5',0),(1057,265,'A. 1:3',0),(1058,265,'B. 3:1',0),(1059,265,'C. 1:2',0),(1060,265,'D. 2:1',1),(1061,266,'A. 120 liters',0),(1062,266,'B. 180 liters',0),(1063,266,'C. 110 liters',0),(1064,266,'D. 160 liters',1),(1065,267,'A. rs. 13.50',0),(1066,267,'B. rs. 14.50',0),(1067,267,'C. rs. 15.50',0),(1068,267,'D. rs. 16.50',1),(1069,268,'A. 25 liters',0),(1070,268,'B. 28 litres',0),(1071,268,'C. 30 liters',0),(1072,268,'D. 35 liters',1),(1073,269,'A. 2:5',0),(1074,269,'B. 1:5',0),(1075,269,'C. 3:5',1),(1076,269,'D. 4:5',0),(1077,270,'A. 1 : 3',0),(1078,270,'B. 2 : 3',1),(1079,270,'C. 3 : 4',0),(1080,270,'D. 4 : 5',0),(1081,271,'A. 3 : 2',1),(1082,271,'B. 3 : 4',0),(1083,271,'C. 3 : 5',0),(1084,271,'D. 4 : 5',0),(1085,272,'A. rs. 18',1),(1086,272,'B. rs. 18.50',0),(1087,272,'C. rs. 19',0),(1088,272,'D. rs. 19.50',0),(1089,273,'A. 18 litres',0),(1090,273,'B. 24 litres',1),(1091,273,'C. 32 litres',0),(1092,273,'D. 42 litres',0),(1093,274,'A. 3/5',0),(1094,274,'B. 1/2',0),(1095,274,'C. 1/4',1),(1096,274,'D. 2/7',0),(1097,275,'A. 80%',0),(1098,275,'B. 100%',0),(1099,275,'C. 84%',0),(1100,275,'D. none of these',1),(1101,276,'A. 40',0),(1102,276,'B. 44',1),(1103,276,'C. 48',0),(1104,276,'D. 52',0),(1105,277,'A. 5 : 6',1),(1106,277,'B. 3 : 4',0),(1107,277,'C. 7 : 8',0),(1108,277,'D. 8 : 9',0),(1109,278,'A. 2',1),(1110,278,'B. 8',0),(1111,278,'C. 4',0),(1112,278,'D. 5',0),(1113,279,'A. 648',0),(1114,279,'B. 888',0),(1115,279,'C. 928',0),(1116,279,'D. 1184',1),(1117,280,'A. 16 : 5',0),(1118,280,'B. 14 : 5',0),(1119,280,'C. 16 : 7',0),(1120,280,'D. 19 : 5',1),(1121,281,'A. 72',0),(1122,281,'B. 72.9',1),(1123,281,'C. 73.8',0),(1124,281,'D. 74.7',0),(1125,282,'A. 1:3',1),(1126,282,'B. 2:3',0),(1127,282,'C. 3:4',0),(1128,282,'D. 4:5',0),(1129,283,'A. 3:2',1),(1130,283,'B. 3:4',0),(1131,283,'C. 3:5',0),(1132,283,'D. 4:5',0),(1133,284,'A. 1:6',1),(1134,284,'B. 2:3',0),(1135,284,'C. 4:3',0),(1136,284,'D. 6:1',0),(1137,285,'A. 16 : 5',0),(1138,285,'B. 14 : 5',0),(1139,285,'C. 16 : 7',0),(1140,285,'D. 19 : 5',1),(1141,286,'Rs. 169.50',0),(1142,286,'Rs. 170',0),(1143,286,'Rs. 175.50',1),(1144,286,'Rs. 180',0),(1145,287,'10',0),(1146,287,'20',0),(1147,287,'21',1),(1148,287,'25',0),(1149,288,'4 litres, 8 litres',0),(1150,288,'6 litres, 6 litres',1),(1151,288,'5 litres, 7 litres',0),(1152,288,'7 litres, 5 litres',0),(1153,289,'03:07:00',0),(1154,289,'05:07:00',0),(1155,289,'07:03:00',1),(1156,289,'07:05:00',0),(1157,290,'0.04',0),(1158,290,'0.06',0),(1159,290,'0.2',1),(1160,290,'0.25',0),(1161,291,'36 kg',0),(1162,291,'42 kg',0),(1163,291,'54 kg',0),(1164,291,'63 kg',1),(1165,292,'26.34 litres',0),(1166,292,'27.36 litres',0),(1167,292,'28 litres',0),(1168,292,'29.16 litres',1),(1169,293,'2020-01-03 00:00:00',0),(1170,293,'2020-02-03 00:00:00',1),(1171,293,'2020-02-05 00:00:00',0),(1172,293,'2020-03-05 00:00:00',0),(1173,294,'01:06:00',1),(1174,294,'06:01:00',0),(1175,294,'02:03:00',0),(1176,294,'04:03:00',0),(1177,295,'400 kg',0),(1178,295,'560 kg',0),(1179,295,'600 kg',1),(1180,295,'640 kg',0),(1181,296,'A. 5:3',0),(1182,296,'B. 4:5',1),(1183,296,'C. 5:4',0),(1184,296,'D. 2:5',0),(1185,297,'A. 9 liters',0),(1186,297,'B. 12 liters',1),(1187,297,'C. 14 liters',0),(1188,297,'D. 20 liters',0),(1189,298,'A. 50',0),(1190,298,'B. 60',0),(1191,298,'C. 70',1),(1192,298,'D. 80',0),(1193,299,'A. 12',1),(1194,299,'B. 24',0),(1195,299,'C. c is elder than a',0),(1196,299,'D. data inadequate',0),(1197,300,'A. 1 year',0),(1198,300,'B. 2 year',0),(1199,300,'C. 25 year',0),(1200,300,'D. data inadequate',1),(1201,301,'A. 32 years',0),(1202,301,'B. 36 years',0),(1203,301,'C. 38 years',1),(1204,301,'D. 40 years',0),(1205,302,'A. 4 years',1),(1206,302,'B. 8 years',0),(1207,302,'C. 10 years',0),(1208,302,'D. none of these',0),(1209,303,'A. 19 years',0),(1210,303,'B. 14 years',1),(1211,303,'C. 33 years',0),(1212,303,'D. 38 years',0),(1213,304,'A. 2 years',0),(1214,304,'B. 4 years',0),(1215,304,'C. 6 years',1),(1216,304,'D. 8 years',0),(1217,305,'A. 18 years',1),(1218,305,'B. 20 years',0),(1219,305,'C. 24 years',0),(1220,305,'D. 32 years',0),(1221,306,'A. 12years, 44 years',1),(1222,306,'B. 16years, 42years',0),(1223,306,'C. 16years, 48years',0),(1224,306,'D. 18years, 36 years',0),(1225,307,'A. 19 years',0),(1226,307,'B. 29 years',0),(1227,307,'C. 39 years',1),(1228,307,'D. 49 years',0),(1229,308,'A. 6 years',0),(1230,308,'B. 8 years',1),(1231,308,'C. 10 years',0),(1232,308,'D. 12 years',0),(1233,309,'A. 32 years',0),(1234,309,'B. 36 years',0),(1235,309,'C. 40 years',1),(1236,309,'D. 48 years',0),(1237,310,'A. 1 year',0),(1238,310,'B. 2 years',0),(1239,310,'C. 25 years',0),(1240,310,'D. data inadequate',1),(1241,311,'A. 14 years',1),(1242,311,'B. 19 years',0),(1243,311,'C. 33 years',0),(1244,311,'D. 38 years',0),(1245,312,'A. 20 years',0),(1246,312,'B. 24 years',1),(1247,312,'C. 30 years',0),(1248,312,'D. cannot be determined',0),(1249,313,'A. 2 : 3',1),(1250,313,'B. 1 : 2',0),(1251,313,'C. 3 : 2',0),(1252,313,'D. 3 : 5',0),(1253,314,'A. 8 years',0),(1254,314,'B. 20 years',0),(1255,314,'C. 35 years',1),(1256,314,'D. 45 years',0),(1257,315,'A. 8, 20, 28',0),(1258,315,'B. 16, 28, 36',1),(1259,315,'C. 20, 35, 45',0),(1260,315,'D. none of these',0),(1261,316,'A. 12 years',0),(1262,316,'B. 15 years',1),(1263,316,'C. 19 ½ years',0),(1264,316,'D. 21 years',0),(1265,317,'A. 5 years',1),(1266,317,'B. 6 years',0),(1267,317,'C. 9 years',0),(1268,317,'D. 10 years',0),(1269,318,'A. 10 years',1),(1270,318,'B. 15 years',0),(1271,318,'C. 25 years',0),(1272,318,'D. data inadequate',0),(1273,319,'A. 12 years',0),(1274,319,'B. 15 years',0),(1275,319,'C. 16 years',1),(1276,319,'D. cannot be determined',0),(1277,320,'A. 24 years',1),(1278,320,'B. 27 years',0),(1279,320,'C. 28 years',0),(1280,320,'D. 30 years',0),(1281,321,'A. 25years, 10years',0),(1282,321,'B. 36years, 9 years',1),(1283,321,'C. 39 years, 6 years',0),(1284,321,'D. none of these',0),(1285,322,'A. 9 years',0),(1286,322,'B. 36 years',0),(1287,322,'C. 41 years',1),(1288,322,'D. 51 years',0),(1289,323,'A. 35 years',0),(1290,323,'B. 40 years',1),(1291,323,'C. 70 years',0),(1292,323,'D. 84 years',0),(1293,324,'A. 5 years',0),(1294,324,'B. 10 years',0),(1295,324,'C. 20 years',1),(1296,324,'D. 30 years',0),(1297,325,'A. 2 years',0),(1298,325,'B. 3 years',1),(1299,325,'C. 4 years',0),(1300,325,'D. 5 years',0),(1301,326,'A. 32 years',0),(1302,326,'B. 36 years',0),(1303,326,'C. 40 years',1),(1304,326,'D. 48 years',0),(1305,327,'1100100',0),(1306,327,'1111101',1),(1307,327,'1101100',0),(1308,327,'1111111',0),(1309,328,'128',0),(1310,328,'175',0),(1311,328,'80',1),(1312,328,'81',0),(1313,329,'2514',1),(1314,329,'125',0),(1315,329,'353',0),(1316,329,'235',0),(1317,330,'21',0),(1318,330,'23',1),(1319,330,'27',0),(1320,330,'None of the above',0),(1321,331,'14',0),(1322,331,'20',1),(1323,331,'12',0),(1324,331,'18',0),(1325,332,'108',1),(1326,332,'125',0),(1327,332,'215',0),(1328,332,'312',0),(1329,333,'5',0),(1330,333,'1',1),(1331,333,'4',0),(1332,333,'3',0),(1333,334,'59',0),(1334,334,'63',0),(1335,334,'65',0),(1336,334,'75',1),(1337,335,'129',1),(1338,335,'128',0),(1339,335,'126',0),(1340,335,'132',0),(1341,336,'10.5',1),(1342,336,'10',0),(1343,336,'2.5',0),(1344,336,'11',0),(1345,337,'685',0),(1346,337,'645',0),(1347,337,'678',0),(1348,337,'655',1),(1349,338,'90',0),(1350,338,'135',0),(1351,338,'121',0),(1352,338,'125',0),(1353,339,'197',1),(1354,339,'150',0),(1355,339,'178',0),(1356,339,'180',0),(1357,340,'48.8',1),(1358,340,'49.2',0),(1359,340,'47',0),(1360,340,'8',0),(1361,341,'115',0),(1362,341,'109',0),(1363,341,'117',1),(1364,341,'121',0),(1365,342,'-1',0),(1366,342,'1',0),(1367,342,'-2',0),(1368,342,'2',1),(1369,343,'11th',0),(1370,343,'10th',0),(1371,343,'9th',1),(1372,343,'8th',0),(1373,344,'1114',0),(1374,344,'1111',0),(1375,344,'1113',0),(1376,344,'None of the above',0),(1377,345,'√3',0),(1378,345,'√2',1),(1379,345,'√6',0),(1380,345,'None of the above',0),(1381,346,'0.301',0),(1382,346,'0.699',1),(1383,346,'0.7525',0),(1384,346,'Given log 2, it is not possible to calculate log 5',0),(1385,347,'0.42',0),(1386,347,'0.4',0),(1387,347,'0.36',1),(1388,347,'0.34',0),(1389,348,'720/-',0),(1390,348,'735/-',0),(1391,348,'745/-',1),(1392,348,'775/-',0),(1393,349,'125',0),(1394,349,'225',0),(1395,349,'325',1),(1396,349,'425',0),(1397,350,'0.6',0),(1398,350,'0.496',1),(1399,350,'0.405',0),(1400,350,'0.36',0),(1401,351,'0.06',0),(1402,351,'0.02',0),(1403,351,'0.04',1),(1404,351,'0.08',0),(1405,352,'39, 30',0),(1406,352,'41, 32',0),(1407,352,'42, 33',1),(1408,352,'43, 34',0),(1409,353,'588 apples',0),(1410,353,'600 apples',0),(1411,353,'672 apples',0),(1412,353,'700 apples',1),(1413,354,'1',0),(1414,354,'14',0),(1415,354,'20',1),(1416,354,'21',0),(1417,355,'A is smaller than b.',0),(1418,355,'A is greater than b',0),(1419,355,'Relationship between a and b cannot be determined.',0),(1420,355,'None of these',1),(1421,356,'4% of a',1),(1422,356,'5% of a',0),(1423,356,'20% of a',0),(1424,356,'None of these',0),(1425,357,'80',0),(1426,357,'120',0),(1427,357,'150',0),(1428,357,'100',1),(1429,358,'0.34',0),(1430,358,'0.44',0),(1431,358,'0.54',0),(1432,358,'0.64',1),(1433,359,'2700',1),(1434,359,'2900',0),(1435,359,'3000',0),(1436,359,'3100',0),(1437,360,'0.57',1),(1438,360,'0.6',0),(1439,360,'0.65',0),(1440,360,'0.9',0),(1441,361,'Rs. 200',0),(1442,361,'Rs. 250',0),(1443,361,'Rs. 300',1),(1444,361,'None of these',0),(1445,362,'Rs. 15',0),(1446,362,'Rs. 15.70',0),(1447,362,'Rs. 19.70',1),(1448,362,'Rs. 20',0),(1449,363,'Rs. 6876.10',1),(1450,363,'Rs. 6999.20',0),(1451,363,'Rs. 6654',0),(1452,363,'Rs. 7000',0),(1453,364,'0.0437',0),(1454,364,'0.05',1),(1455,364,'0.06',0),(1456,364,'0.0875',0),(1457,365,'2500',0),(1458,365,'2700',1),(1459,365,'2900',0),(1460,365,'3100',0),(1461,366,'10000',0),(1462,366,'12000',1),(1463,366,'14000',0),(1464,366,'16000',0),(1465,367,'10',1),(1466,367,'20',0),(1467,367,'30',0),(1468,367,'40',0),(1469,368,'500',1),(1470,368,'600',0),(1471,368,'800',0),(1472,368,'1000',0),(1473,369,'9',1),(1474,369,'10',0),(1475,369,'11',0),(1476,369,'12',0),(1477,370,'3864',1),(1478,370,'4903',0),(1479,370,'5849',0),(1480,370,'6789',0),(1481,371,'Rs.180',0),(1482,371,'Rs.120',1),(1483,371,'Rs.480',0),(1484,371,'Data insufficient',0),(1485,372,'0.6666',1),(1486,372,'0.7666',0),(1487,372,'0.9666',0),(1488,372,'0.8666',0),(1489,373,'1000',1),(1490,373,'2000',0),(1491,373,'3000',0),(1492,373,'4000',0),(1493,374,'12.5 %',0),(1494,374,'40 %',0),(1495,374,'80 %',0),(1496,374,'125 %',1),(1497,375,'(91 + 1/3)%',0),(1498,375,'(93 + 1/3 )%',1),(1499,375,'(97 + 1/3 )%',0),(1500,375,'(98 + 1/3) %',0),(1501,376,'8',0),(1502,376,'9',1),(1503,376,'10',0),(1504,376,'11',0),(1505,377,'155679',0),(1506,377,'167890',0),(1507,377,'179890',0),(1508,377,'177366',1),(1509,378,'0.58',0),(1510,378,'62 *2/3%',1),(1511,378,'0.64',0),(1512,378,'0.67',0),(1513,379,'0.15',0),(1514,379,'0.2',1),(1515,379,'0.25',0),(1516,379,'0.3',0),(1517,380,'25',0),(1518,380,'50',0),(1519,380,'75',1),(1520,380,'100',0),(1521,381,'0.2',0),(1522,381,'0.4',0),(1523,381,'0.6',1),(1524,381,'0.8',0),(1525,382,'0.6',0),(1526,382,'0.4',1),(1527,382,'0.5',0),(1528,382,'0.3',0),(1529,383,'31/25',0),(1530,383,'15/17',1),(1531,383,'14/25',0),(1532,383,'2020-11-16 00:00:00',0),(1533,384,'32.5 %',1),(1534,384,'43 %',0),(1535,384,'46.6 %',0),(1536,384,'53.2 %',0),(1537,385,'21.6 %',1),(1538,385,'15.3 %',0),(1539,385,'14.6 %',0),(1540,385,'12.5 %',0),(1541,386,'324138',1),(1542,386,'349680',0),(1543,386,'509940',0),(1544,386,'None of these',0),(1545,387,'4000',0),(1546,387,'8000',1),(1547,387,'12000',0),(1548,387,'16000',0),(1549,388,'10 kg',1),(1550,388,'15 kg',0),(1551,388,'20 kg',0),(1552,388,'25 kg',0),(1553,389,'Increase by 2%',0),(1554,389,'Decrease by 3%',0),(1555,389,'Decrease by 4%',1),(1556,389,'Increase by 5%',0),(1557,390,'337.5',0),(1558,390,'217.5',1),(1559,390,'376.21',0),(1560,390,'120',0),(1561,391,'Zero',0),(1562,391,'One',0),(1563,391,'Two',0),(1564,391,'Infinity',0),(1565,392,'#',0),(1566,392,'@',0),(1567,392,'$',0),(1568,392,'*',0),(1569,393,'Ng-invalid',0),(1570,393,'Ng-pristine',0),(1571,393,'Ng-pending',0),(1572,393,'Ng-dirty',0),(1573,394,'10',0),(1574,394,'20',0),(1575,394,'Runtime error',0),(1576,394,'Compliation error',0),(1577,395,'[1, 2, 3]',0),(1578,395,'[1, 2, 3, 4, 5, 6]',0),(1579,395,'[4, 5, 6, 1, 2, 3]',0),(1580,395,'[4, 5, 6]',0),(1581,396,'{...obj1, ...obj2}',0),(1582,396,'Object.assign(obj1, obj2);',0),(1583,396,'Obj1+ obj2',0),(1584,396,'Obj1.merge(obj2);',0),(1585,397,'[1,2,3,4,5]',0),(1586,397,'5',0),(1587,397,'10',0),(1588,397,'15',0),(1589,398,'A',0),(1590,398,'B',0),(1591,398,'Undefined',0),(1592,398,'Nan',0),(1593,399,'Undefined',0),(1594,399,'Nan',0),(1595,399,'0',0),(1596,399,'1',0),(1597,400,'1,2,3',0),(1598,400,'Undefined undefined undefined',0),(1599,400,'{ 1: undefined } undefined undefined',0),(1600,400,'{1: 1} {2: 2} {3: 3}',0),(1601,401,'Javascript runtime environment',0),(1602,401,'Javascript framework',1),(1603,401,'Both',0),(1604,402,'10',0),(1605,402,'{{ 5 + 5 }}',1),(1606,402,'Error',0),(1607,403,'Blank text box',0),(1608,403,'Blank document',0),(1609,403,'Textbox with text : john doe',0),(1610,404,'Date pipe',0),(1611,404,'Async pipe',0),(1612,404,'Data pipe',1),(1613,404,'Percent pipe',0),(1614,405,'Ngonchanges',0),(1615,405,'Ngafterviewinit',0),(1616,405,'Ngaftercontentinit',0),(1617,405,'Ngoninit',1),(1618,406,'<h3 [message]=\"model.message]\"></h3>',0),(1619,406,'<button (click)=\"save()\">save</button>',0),(1620,406,'{{model.message}}',0),(1621,406,'<input [(ng-model)]=\"model.message\">',1),(1622,407,'Selector',0),(1623,407,'Providers',1),(1624,407,'Directives',0),(1625,407,'Template',0),(1626,408,'Component',1),(1627,408,'Injectable',0),(1628,408,'Ng-module',0),(1629,408,'Ng-directives',0),(1630,409,'Routing',1),(1631,409,'Forwarding',0),(1632,409,'Linking',0),(1633,409,'None of the above.',0),(1634,410,'Mvc architecture',0),(1635,410,'Decorator pattern',0),(1636,410,'Mvvm architectural pattern',0),(1637,410,'Observer pattern',0),(1638,411,'Currency filter formates text in a currency format',0),(1639,411,'Currency filter is a function which takes text as input',1),(1640,411,'Both of these',0),(1641,411,'None of these',0),(1642,412,'$error states that form has invalid data',0),(1643,412,'$error states the exact error',1),(1644,412,'Both of these',0),(1645,412,'None of these',0),(1646,413,'No,both are\n same and\n are for \nversioning\n your app',0),(1647,413,'Package json: \nfor versioning \nyour app.\nangular json:\nrefers to the \nversion \nof the angular\nworkspace\n schema.',1),(1648,413,'Angular json:for \nversioning \nyour app.\npackage json:\nrefers to the \nversion \nof the angular\nworkspace\n schema.',0),(1649,413,'Both refers to the \nversion of \nangular \nworkspace\n schema',0),(1650,414,'Ngoninit() is \njust an\n alternative \nfor constructor. \nso we can use \nthem\n interchangeably',0),(1651,414,'The constructor\n is a default \nmethod\n of the class \nthat is executed \nwhen the class is\n instantiated.\nngoninit is a life \ncycle hook\n called by angular\n to indicate \nthat angular is\n done creating the \ncomponent.',1),(1652,414,'Both ngoninit() \nand constructors\n are \ndefault methods',0),(1653,414,'We do not use \nngoninit() at all \nif we have \nconstructor.\nthe constructor\n is a default \nmethod\n of the class \nthat is executed \nwhen the class\n is\n instantiated.',0),(1654,415,'Backward compatibility support',0),(1655,415,'Follows integrated approach',0),(1656,415,'Used for building spa\'s',0),(1657,415,'Option b and c',0),(1658,416,'Option a and c',0),(1659,416,'Option a,b,c',0),(1660,416,'Option a, c , d',0),(1661,416,'Option b ,e and c',0),(1662,417,'Option e',0),(1663,417,'Option d',0),(1664,417,'Option b',0),(1665,417,'Option b and d',0),(1666,418,'Ng-cloak',0),(1667,418,'Ng-model',1),(1668,418,'Ng-bind',0),(1669,418,'Ng-blur',0),(1670,419,'6 columns',0),(1671,419,'8 columns',0),(1672,419,'12 columns',1),(1673,419,'24 columns',0),(1674,420,'Lg',0),(1675,420,'Md',1),(1676,420,'Sm',0),(1677,420,'Xs',0),(1678,421,'Object of type “any”',0),(1679,421,'Observable',1),(1680,421,'Json data',0),(1681,421,'Callback function',0),(1682,422,'Background-image',0),(1683,422,'Border-image',0),(1684,422,'Background-image-source',0),(1685,422,'Border-image-source',1),(1686,423,'All',1),(1687,423,'Collapse',0),(1688,423,'Inherit',0),(1689,423,'Separate',0),(1690,424,'Border-spacing-cell',0),(1691,424,'Border-width-spacing',0),(1692,424,'Border-spacing',1),(1693,424,'Cell-spacing',0),(1694,425,'Opacity',1),(1695,425,'Transparency',0),(1696,425,'Transparent',0),(1697,425,'All of the mentioned',0),(1698,426,'Hidden',0),(1699,426,'Auto',0),(1700,426,'Scroll',0),(1701,426,'All of the mentioned',1),(1702,427,'Order',0),(1703,427,'Z-index',1),(1704,427,'P-index',0),(1705,427,'Auto',0),(1706,428,'Flex',0),(1707,428,'Flex-flow',1),(1708,428,'Flex-wrap',0),(1709,428,'All of the mentioned',0),(1710,429,'Wrap-content',0),(1711,429,'Fix-content',0),(1712,429,'Adjust-content',0),(1713,429,'Justify-content',1),(1714,430,'::after',0),(1715,430,':disabled',0),(1716,430,':default',1),(1717,430,':checked',0),(1718,431,'@important',0),(1719,431,'!important!',0),(1720,431,'!important',1),(1721,431,'Important!',0),(1722,432,'Immutable nature of rdd',0),(1723,432,'Dag (directed acyclic graph)',1),(1724,432,'Lazy-evaluation',0),(1725,432,'None of the mentioned',0),(1726,433,'Hdfs is not suitable for scenarios requiring multiple/simultaneous writes to the same file',1),(1727,433,'Hdfs is suitable for storing data related to applications requiring low latency data access',0),(1728,433,'Hdfs is suitable for storing data related to applications requiring low latency data access',0),(1729,433,'None of the mentioned',0),(1730,434,'Publish and subscribe to streams of records, similar to a message queue or enterprise messaging system',0),(1731,434,'Store streams of records in a fault-tolerant durable way',0),(1732,434,'Process streams of records as they occur',0),(1733,434,'All of the mentioned',1),(1734,435,'With kafka, more users, whether using sql queries or bi applications, can interact with more data',0),(1735,435,'A topic is a category or feed name to which messages are published',1),(1736,435,'For each topic, the kafka cluster maintains a partitioned log',0),(1737,435,'None of the mentioned',0),(1738,436,'Offset',1),(1739,436,'Partition',0),(1740,436,'Chunks',0),(1741,436,'All of the mentioned',0),(1742,437,'Groupbykey will group all values with the same key on one machine',0),(1743,437,'With groupbykey, if a single key has more key-value pairs than can fit in memory, an out of memory exception occurs',0),(1744,437,'Reducebykey combines locally first and then reduces after the shuffle',0),(1745,437,'All of the above',1),(1746,438,'Which stages are running slow',0),(1747,438,'Your application has the resources as expected',0),(1748,438,'If the datasets are fitting into memory',0),(1749,438,'All of the above',1),(1750,439,'Us3 kyro serialization',0),(1751,439,'Avoid shuffling large amounts of data',0),(1752,439,'Tune the degree of parallelism',0),(1753,439,'All of the above',1),(1754,440,'It is the kernel of spark',0),(1755,440,'Provides an execution platform for all the spark applications',0),(1756,440,'It enables users to run sql / hql queries on the top of spark.',1),(1757,440,'Enables powerful interactive and data analytics application across live streaming data',0),(1758,441,'Requiring multiple/simultaneous writes to the same file',1),(1759,441,'Storinng small numbers of large file',0),(1760,441,'Storing large number of small file',1),(1761,441,'None of the mentioned',0),(1762,442,'Replication factor is changed',0),(1763,442,'Datanode goes down',0),(1764,442,'Data blocks get corrupted',0),(1765,442,'All of the mentioned',1),(1766,443,'You can add a column family to a table using the method addcolumn()',1),(1767,443,'Using alter, you can also create a column family',0),(1768,443,'Using disable-all, you can truncate a column family',0),(1769,443,'None of the mentioned',0),(1770,444,'Catalyst optimizer makes use of pattern matching feature.',0),(1771,444,'Catalyst contains the tree and the set of rulesto manipulate the tree.',0),(1772,444,'There are no specific libraries to process relational queries.',1),(1773,444,'There are different rule sets which handle different phases of query.',0),(1774,445,'Immutability',0),(1775,445,'In-memory',0),(1776,445,'Resilient',0),(1777,445,'All of the above',1),(1778,446,'Dataframe in apache spark is behind rdd',1),(1779,446,'We can build dataframe from different data sources. structured data file, tables in hive',0),(1780,446,'The application programming interface (apis) of dataframe is available in various languages',0),(1781,446,'Both in scala and java, we represent dataframe as dataset of rows.',0),(1782,447,'Both a and b',0),(1783,447,'Both b and c',1),(1784,447,'Both a and c',0),(1785,447,'All of the options.',0),(1786,448,'Rdd',0),(1787,448,'Dataframe',0),(1788,448,'Dataset',1),(1789,448,'None of the above',0),(1790,449,'Rdd',1),(1791,449,'Dataframe',0),(1792,449,'Dataset',0),(1793,449,'All of the above',0),(1794,450,'Using broadcast variable',1),(1795,450,'Using accumulators',1),(1796,450,'Avoid operations bykey, repartition or any other operations which trigger shuffles',1),(1797,450,'None of the above',0),(1798,451,'It eliminates the necessity to ship copies of a variable',0),(1799,451,'Make data processing faster',0),(1800,451,'Help in storing a lookup table inside the memory',0),(1801,451,'All of the above',1),(1802,452,'Spark mlib',1),(1803,452,'Spark streaming',1),(1804,452,'Spark graphx',1),(1805,452,'Spark sql',1),(1806,453,'Transformations that produce a new dstream',0),(1807,453,'Output operations that write data to an external system',0),(1808,453,'Both i and ii',1),(1809,453,'None of the above',0),(1810,454,'Groupbykey will group all values with the same key on one machine',0),(1811,454,'With groupbykey, if a single key has more key-value pairs than can fit in memory, an out of memory exception occurs',0),(1812,454,'Reducebykey combines locally first and then reduces after the shuffle',0),(1813,454,'All of the above',1),(1814,455,'Partition (by)',1),(1815,455,'Rdd.partitioner=hash',0),(1816,455,'Specify partition in transformation',1),(1817,455,'All of the above',0),(1818,456,'Parquet tables',1),(1819,456,'Json',1),(1820,456,'Streaming data',0),(1821,456,'Jdbc',1),(1822,457,'Must be defined inline using udf(function definition)',0),(1823,457,'Must be registered using sqlcontext.udf.register',1),(1824,457,'Only needs to be defined as a function',0),(1825,457,'None of the above',0),(1826,458,'There is no movement of data from the parent rdd',0),(1827,458,'There is a shuffle',1),(1828,458,'The rdd is cached or persisted',1),(1829,458,'The rdd was materialized due to an earlier shuffle',1),(1830,459,'Us3 kyro serialization',1),(1831,459,'Tune the degree of parallelism',1),(1832,459,'Avoid shuffling large amounts of data',1),(1833,459,'Don\'t use collect() on large datasets',1),(1834,460,'Maptask',0),(1835,460,'Mapper',0),(1836,460,'Task execution',0),(1837,460,'All of the mentioned',0),(1838,461,'Depends on number of cores on each slave',0),(1839,461,'0',1),(1840,461,'Depends on the size of the data',0),(1841,461,'4',0),(1842,462,'Inputfiles --> inputformat --> inputsplit --> recordreader --> combiner --> partitioner --> mapper --> shuffling and sorting --> reducer --> recordwriter --> outputformat.',0),(1843,462,'Inputfiles --> inputformat --> inputsplit --> recordreader --> mapper --> shuffling and sorting --> combiner --> reducer --> partitioner  --> recordwriter --> outputformat.',0),(1844,462,'Inputfiles --> inputformat --> inputsplit --> recordreader --> combiner --> partitioner --> shuffling and sorting --> reducer -->  mapper --> recordwriter --> outputformat.',0),(1845,462,'Inputfiles --> inputformat --> inputsplit --> recordreader --> mapper --> combiner --> partitioner --> shuffling and sorting --> reducer --> recordwriter --> outputformat.',1),(1846,463,'Mapreduce, heron and trumpet',0),(1847,463,'Mapreduce, hummer and iguana',0),(1848,463,'Mapreduce, hive and hbase',1),(1849,463,'Mapreduce, mysql and google apps',0),(1850,464,'Processor & memory',0),(1851,464,'Complexity & capacity',0),(1852,464,'Time & space',1),(1853,464,'Date & space',0),(1854,465,'Copy_if()',1),(1855,465,'Remove_copy_if()',0),(1856,465,'Sort',0),(1857,465,'None of the mentioned',0),(1858,466,'Input iterator',0),(1859,466,'Output iterator',1),(1860,466,'Both input and output iterator',0),(1861,466,'Neither input nor output iterator',0),(1862,467,'3',0),(1863,467,'4',0),(1864,467,'Error',1),(1865,467,'Segmentation fault',0),(1866,468,'5',1),(1867,468,'2',0),(1868,468,'3',0),(1869,468,'4',0),(1870,469,'Next()',0),(1871,469,'Advance()',1),(1872,469,'Prev()',0),(1873,469,'Move()',0),(1874,470,'Variable',0),(1875,470,'Constant',1),(1876,470,'Operator',0),(1877,470,'None of them',0),(1878,471,'2   ,    1 ,     4',0),(1879,471,'1,4,2',0),(1880,471,'4,1,2',0),(1881,471,'2,4,1',0),(1882,472,'Size of variable a : 1\nsize of int data type : 4\nsize of char data type : 1\nsize of float data type : 4\nsize of double data type : 8',0),(1883,472,'Size of variable a : 4\nsize of int data type : 4\nsize of char data type : 1\nsize of float data type : 4\nsize of double data type : 8',0),(1884,472,'Size of variable a : 4\nsize of int data type : 4\nsize of char data type : 1\nsize of float data type : 8\nsize of double data type : 4',0),(1885,472,'Size of variable a : 4\nsize of int data type : 4\nsize of char data type : 8\nsize of float data type : 4\nsize of double data type : 8',0),(1886,473,'2',0),(1887,473,'6',0),(1888,473,'7',0),(1889,473,'8',0),(1890,474,'Same',0),(1891,474,'Different',0),(1892,474,'Compiler error',0),(1893,474,'None of the above',0),(1894,475,'5',0),(1895,475,'6',0),(1896,475,'7',0),(1897,475,'8',0),(1898,476,'4..2',0),(1899,476,'2..2',0),(1900,476,'4..4',0),(1901,476,'2..4',0),(1902,477,'38388',0),(1903,477,'38021',0),(1904,477,'38569',0),(1905,477,'38387',0),(1906,478,'Used in a header file to avoid its inclusion more than once.',1),(1907,478,'Used to avoid multiple declarations of same variable.',0),(1908,478,'Used in a c file to include a header file at least once.',0),(1909,478,'Used to avoid assertions',0),(1910,479,'It will result in compile error because there shouldn\'t be any parenthesis i.e. “int *p[5]” is valid.',0),(1911,479,'P is a pointer to an array of 5 integers',1),(1912,479,'P is an array of 5 pointers to integers.',0),(1913,479,'P is a pointer to 5 integers.',0),(1914,480,'File is a keyword in c for representing files and fp is a variable of file type.',0),(1915,480,'File is a structure and fp is a pointer to the structure of file type',1),(1916,480,'File is a stream',0),(1917,480,'File is a buffered stream',0),(1918,481,'Recurrence is t(n) = t(n-2) + o(n) and time complexity is o(n^2)',0),(1919,481,'Recurrence is t(n) = t(n-1) + o(n) and time complexity is o(n^2)',0),(1920,481,'Recurrence is t(n) = 2t(n/2) + o(n) and time complexity is o(nlogn)',0),(1921,481,'Recurrence is t(n) = t(n/10) + t(9n/10) + o(n) and time complexity is o(nlogn)',0),(1922,482,'Insertion sort',0),(1923,482,'Merge sort',0),(1924,482,'Quick sort',0),(1925,482,'Bubble sort',0),(1926,483,'Insertion sort',0),(1927,483,'Merge sort',0),(1928,483,'Quick sort',0),(1929,483,'Bubble sort',0),(1930,484,'Insertion sort with time complexity o(kn)',0),(1931,484,'Heap sort with time complexity o(nlogk)',0),(1932,484,'Quick sort with time complexity o(klogk)',0),(1933,484,'Merge sort with time complexity o(klogk)',0),(1934,485,'Heapsort',0),(1935,485,'Insertion sort',0),(1936,485,'Selection sort',0),(1937,485,'Merge sort',0),(1938,486,'The pivot could be either the 7 or the 9',0),(1939,486,'The pivot could be the 7, but it is not the 9',0),(1940,486,'The pivot is not the 7, but it could be the 9',0),(1941,486,'Neither the 7 nor the 9 is the pivot',0),(1942,487,'N^2',0),(1943,487,'N',0),(1944,487,'N3',0),(1945,487,'N3logn',0),(1946,488,'O(n2)',0),(1947,488,'O(n)',0),(1948,488,'O(logn)',0),(1949,488,'O(nlogn)',0),(1950,489,'Stack',0),(1951,489,'Queue',0),(1952,489,'Both stack & queue',0),(1953,489,'Neither stack or queue',0),(1954,490,'Dynamic algorithm',0),(1955,490,'Greedy algorithm',0),(1956,490,'Recursive approach',0),(1957,490,'Divide & conquer',0),(1958,491,'Tree',0),(1959,491,'Heap',0),(1960,491,'Hash table',0),(1961,491,'Linked-list',0),(1962,492,'It uses stack instead of queue.',0),(1963,492,'Every recursive call has to be stored.',0),(1964,492,'Both a & b are true.',0),(1965,492,'None of the above are true.',0),(1966,493,'Base case',0),(1967,493,'Average case',0),(1968,493,'Worst case',0),(1969,493,'Null case',0),(1970,494,'E-n+1',0),(1971,494,'N-e+1',0),(1972,494,'N+e-1',0),(1973,494,'E-n-1',0),(1974,495,'Stack',0),(1975,495,'Queue',1),(1976,495,'Tree',0),(1977,495,'Linked list',0),(1978,496,'Array',0),(1979,496,'Stack',0),(1980,496,'Queue',1),(1981,496,'Tree',0),(1982,497,'Fifo list',1),(1983,497,'Lifo list',0),(1984,497,'Ordered array',0),(1985,497,'Linear tree',0),(1986,498,'Abcd',1),(1987,498,'Dcba',0),(1988,498,'Dcab',0),(1989,498,'Abcd',0),(1990,499,'At the head of link list',0),(1991,499,'At the tail of the link list',1),(1992,499,'At the centre position in the link list',0),(1993,499,'None',0),(1994,500,'Rear=max_size-1',1),(1995,500,'Front=(rear+1) % max_size',0),(1996,500,'Front=rear+1',0),(1997,500,'Rear=front',0),(1998,501,'Only front pointer',0),(1999,501,'Only rear pointer',0),(2000,501,'Both front and rear pointer',1),(2001,501,'None',0),(2002,502,'When a resource is shared among multiple consumers.',0),(2003,502,'When data is transferred asynchronously (data not necessarily received at same rate as sent) between two processes',0),(2004,502,'Load balancing',0),(2005,502,'All of the above',1),(2006,503,'Insertion',0),(2007,503,'Deletion',0),(2008,503,'To empty a queue',0),(2009,503,'Both insertion and to empty a queue',1),(2010,504,'4',0),(2011,504,'3',0),(2012,504,'1',0),(2013,504,'2',1),(2014,505,'Counting the maximum memory needed by the algorithm',1),(2015,505,'Counting the minimum memory needed by the algorithm',0),(2016,505,'Counting the average memory needed by the algorithm',0),(2017,505,'Counting the maximum disk space needed by the algorithm',0),(2018,506,'X will always be a better choice for small inputs',0),(2019,506,'X will always be a better choice for large inputs',1),(2020,506,'Y will always be a better choice for small inputs',0),(2021,506,'X will always be a better choice for all inputs',0),(2022,507,'Bubble sort',0),(2023,507,'Merge sort',1),(2024,507,'Insertion sort',0),(2025,507,'Quick sort',0),(2026,508,'O(m*n)',0),(2027,508,'O(log(m) * log(n))',0),(2028,508,'O(m+n)',1),(2029,508,'O(log(m) + log(n))',0),(2030,509,'Worst case: o(n^2)\nbest case: o(n)',1),(2031,509,'Worst case: o(nlogn)\nbest case: o(nlogn)',0),(2032,509,'Worst case: o(n)\nbest case: o(logn)',0),(2033,509,'Worst case: o(nlogn)\nbest case: o(n)',0),(2034,510,'O(n)',0),(2035,510,'O(sqrt(n))',0),(2036,510,'O(n / 2)',0),(2037,510,'O(log n)',1),(2038,511,'O(log n)',0),(2039,511,'O(n)',0),(2040,511,'O(2^n)',1),(2041,511,'O(n^2)',0),(2042,512,'O(n)',1),(2043,512,'O(1)',0),(2044,512,'O(n * logn)',0),(2045,512,'O(logn)',0),(2046,513,'O(n * m) time,\no(1) space',0),(2047,513,'O(n + m) time,\no(n + m) space',0),(2048,513,'O(n + m) time,\no(1) space',1),(2049,513,'O(n * m) time,\no(n + m) space',0),(2050,514,'Log(log 2^n) * log(n^2)',0),(2051,514,'Log(log(log n))',0),(2052,514,'(log n)*log(log n)',0),(2053,514,'N*log(log n)',1),(2054,515,'25,12,16,13,10,8,14',0),(2055,515,'25,14,13,16,10,8,12',0),(2056,515,'25,14,16,13,10,8,12',1),(2057,515,'25,14,12,13,10,8,16',0),(2058,516,'14,13,12,10,8',0),(2059,516,'14,12,13,8,10',0),(2060,516,'14,13,8,12,10',0),(2061,516,'14,13,12,8,10',1),(2062,517,'4',0),(2063,517,'5',0),(2064,517,'2',0),(2065,517,'3',1),(2066,518,'80',1),(2067,518,'8',0),(2068,518,'20',0),(2069,518,'210',0),(2070,519,'I, ii and iii',1),(2071,519,'I, ii and iv',0),(2072,519,'I, iii and iv',0),(2073,519,'Ii, iii and iv',0),(2074,520,'Heap sort',0),(2075,520,'Quick sort',0),(2076,520,'Merge sort',0),(2077,520,'Radix sort',1),(2078,521,'O(logn)',1),(2079,521,'O(n)',0),(2080,521,'O(nlogn)',0),(2081,521,'O(n^2)',0),(2082,522,'Many non zero entries',0),(2083,522,'Many zero entries',1),(2084,522,'Both 1 & 1',0),(2085,522,'None',0),(2086,523,'Associative',0),(2087,523,'Distributive',0),(2088,523,'Commutative',1),(2089,523,'Additive inverse',0),(2090,524,'Normal of a matrix',0),(2091,524,'Trace of a matrix',1),(2092,524,'Square of a matrix',0),(2093,524,'Transpose of a matrix',0),(2094,525,'Identity matrix',0),(2095,525,'Inverse of a',1),(2096,525,'Square of a',0),(2097,525,'Transpose of a',0),(2098,526,'Nodes',0),(2099,526,'Edges',0),(2100,526,'Direction of edges',0),(2101,526,'Parallel edges',1),(2102,527,'Ihgfedcba',0),(2103,527,'Abcdefghi',0),(2104,527,'Cfibehadg',0),(2105,527,'Adgbehcfi',1),(2106,528,'Int *arr = malloc(r * c * sizeof(int));',0),(2107,528,'Int *arr = (int *)malloc(r * c * sizeof(int));',1),(2108,528,'Int *arr = (int *)malloc(r + c * sizeof(int));',0),(2109,528,'Int *arr = (int *)malloc(r * c * sizeof(arr));',0),(2110,529,'Insertion at the front of the linked list',1),(2111,529,'Insertion at the end of the linked list',0),(2112,529,'Deletion of the front node of the linked list',1),(2113,529,'Deletion of the last node of the linked list',0),(2114,530,'Insertion sort',0),(2115,530,'Merge sort',0),(2116,530,'Heap sort',0),(2117,530,'Quick sort',0),(2118,531,'N',0),(2119,531,'Log2n',0),(2120,531,'N/2',0),(2121,531,'Log2n-1',0),(2122,532,'Dynamic alfgorithm',0),(2123,532,'Recursive approach',0),(2124,532,'Divide and conquer',0),(2125,532,'Greedy algorithm',0),(2126,533,'O(n)',0),(2127,533,'O(n^2)',0),(2128,533,'O(nlogn)',0),(2129,533,'O(n^2logn)',0),(2130,534,'O(n)',0),(2131,534,'O(log n)',0),(2132,534,'O(n^2)',0),(2133,534,'O(n log n)',0),(2134,535,'(n*(n+1))/2',0),(2135,535,'(n*(n-1))/2',0),(2136,535,'N/2',0),(2137,535,'N',0),(2138,536,'8',0),(2139,536,'2',0),(2140,536,'4',0),(2141,536,'1',0),(2142,537,'Queue',0),(2143,537,'Set',0),(2144,537,'List',0),(2145,537,'Set',0),(2146,538,'M x n',0),(2147,538,'Maximum of m,n',0),(2148,538,'M+n-1',0),(2149,538,'Minimum of m,n',0),(2150,539,'O(1)',0),(2151,539,'O(n)',0),(2152,539,'O(logn)',0),(2153,539,'O(n*n)',0),(2154,540,'Randomly',0),(2155,540,'Sequentially',0),(2156,540,'Exponentially',0),(2157,540,'Logarithmically',0),(2158,541,'An array of 50 numbers',0),(2159,541,'An array of 100 numbers',0),(2160,541,'An array of 500 numbers',0),(2161,541,'A dynamically allocated array of 550 numbers',0),(2162,542,'Find the ith largest element',0),(2163,542,'Delete an element',0),(2164,542,'Find the ith smallest element',0),(2165,542,'All of the above',0),(2166,543,'O(n)',0),(2167,543,'O(n log n)',0),(2168,543,'O(n * n)',0),(2169,543,'O(n log log n)',0),(2170,544,'Quick sort',0),(2171,544,'Heap sort',0),(2172,544,'Merge sort',0),(2173,544,'Insert sort',0),(2174,545,'O(n log n) sorts',0),(2175,545,'Divide and conquer sorts',0),(2176,545,'Interchange sorts',0),(2177,545,'Average time is quadratic',0),(2178,546,'Linked list',0),(2179,546,'Node list',0),(2180,546,'Primitive list',0),(2181,546,'None of these',0),(2182,547,'A',0),(2183,547,'B',0),(2184,547,'C',0),(2185,547,'D',0),(2186,548,'Abc+de/*-',0),(2187,548,'Abc-de/*-',0),(2188,548,'Abc-de*/-',0),(2189,548,'None of these',0),(2190,549,'Time and space',0),(2191,549,'Processor and memory',0),(2192,549,'Complexity and capacity',0),(2193,549,'Data and space',0),(2194,550,'The minimum possible time complexity of a comparison based sorting algorithm is o(nlogn) for a random input array',0),(2195,550,'Any comparison based sorting algorithm can be made stable by using position as a criteria when two elements are compared',0),(2196,550,'Counting sort is not a comparison based sorting algortihm',0),(2197,550,'Heap sort is not a comparison based sorting algorithm',1),(2198,551,'Heap sort',0),(2199,551,'Merge sort',1),(2200,551,'Quick sort',0),(2201,551,'Insertion sort',0),(2202,552,'Selection sort',0),(2203,552,'Heap sort',0),(2204,552,'Quick sort',0),(2205,552,'Merge sort',1),(2206,553,'It is faster',0),(2207,553,'Consumes less memory',0),(2208,553,'Detects whether the input is already sorted',1),(2209,553,'All of the mentioned',0),(2210,554,'Average time',0),(2211,554,'Running time',1),(2212,554,'Average-case complexity',0),(2213,554,'Case-complexity',0),(2214,555,'The pivot could be either the 7 or the 9.',1),(2215,555,'The pivot could be the 7, but it is not the 9',0),(2216,555,'The pivot is not the 7, but it could be the 9',0),(2217,555,'Neither the 7 nor the 9 is the pivot.',0),(2218,556,'Weakly connected',0),(2219,556,'Strongly connected',1),(2220,556,'Tightly connected',0),(2221,556,'Linearly connected',0),(2222,557,'Insertion sort',0),(2223,557,'Merge sort',1),(2224,557,'Bubble sort',0),(2225,557,'Heap sort',0),(2226,558,'Linked lists',0),(2227,558,'Stacks',0),(2228,558,'Dequeue',1),(2229,558,'Queue',0),(2230,559,'Ront, rear end',0),(2231,559,'Only at rear end',0),(2232,559,'Only at front end',0),(2233,559,'Any position',1),(2234,560,'[log2n]+1',1),(2235,560,'[logn]+1',0),(2236,560,'[log2n]',0),(2237,560,'[log2n]-1',0),(2238,561,'4',0),(2239,561,'8',0),(2240,561,'16',1),(2241,561,'Runtime error',0),(2242,562,'Dijkstra\'s shortest path algorithm',0),(2243,562,'Prim\'s algorithm',0),(2244,562,'Bellmen ford shortest path algorithm',1),(2245,562,'Huffman coding',0),(2246,563,'Managing function calls',0),(2247,563,'The stock span problem',0),(2248,563,'Arithmetic expression evaluation',0),(2249,563,'All of the above',1),(2250,564,'S1 is true and s2 is false',0),(2251,564,'Both s1 and s2 are true',0),(2252,564,'S1 is false and s2 is true.',0),(2253,564,'Both s1 and s2 are false.',1),(2254,565,'Delete',0),(2255,565,'Truncate',0),(2256,565,'Remove',0),(2257,565,'Drop',1),(2258,566,'Select',0),(2259,566,'Create',0),(2260,566,'Avg',1),(2261,566,'Modify',0),(2262,567,'A transaction consists of ddl statements on the database schema.',0),(2263,567,'A transaction consists of commit or rollback in a database session.',0),(2264,567,'A transaction consists of either a collection of dml statements or a ddl or dcl or tcl statement to form a logical unit of work in a database session.',1),(2265,567,'A transaction consists of collection of dml and ddl statements in different sessions of the databas',0),(2266,568,'Application metadata',0),(2267,568,'Indexes',1),(2268,568,'User data',0),(2269,568,'Data dictionary',0),(2270,569,'To create horizontal rule between sections',1),(2271,569,'To create a line break',0),(2272,569,'Setinterval()to create vertical rule between sections',0),(2273,569,'For making content appearance italics',0),(2274,570,'Description',0),(2275,570,'Keywords',0),(2276,570,'Robots',0),(2277,570,'Seamless',1),(2278,571,'Object',1),(2279,571,'Figure',0),(2280,571,'Embed',0),(2281,571,'Collect',0),(2282,572,'Ul',0),(2283,572,'Li',0),(2284,572,'Nav',0),(2285,572,'Both ul and li',1),(2286,573,'Navigation',0),(2287,573,'Anchor tag',0),(2288,573,'Nav',1),(2289,573,'Option',0),(2290,574,'Canvas contains built-in animations',0),(2291,574,'Svg needs scripts to draw elements',0),(2292,574,'In canvas, drawing is done with pixels',1),(2293,574,'Svg don’t support to event handlers',0),(2294,575,'Table, thead, tr, td',1),(2295,575,'Colspan, table, tr',0),(2296,575,'Table, tt, tr, td',0),(2297,575,'Thead, colspan, td, tr',0),(2298,576,'Width=80',0),(2299,576,'Width=”80″',1),(2300,576,'Width=”80″',0),(2301,576,'Width=80',0),(2302,577,'<b>content</b>',1),(2303,577,'<i>content</i>',0),(2304,577,'<u>content</u>',0),(2305,577,'<br>content</br>',0),(2306,578,'<head>',0),(2307,578,'<body>',0),(2308,578,'<html>',1),(2309,578,'<doctype>',0),(2310,579,'Target=\"_self\"',0),(2311,579,'Target=\"_blank\"',1),(2312,579,'Target=\"_top\"',0),(2313,579,'Target=\"bottom\"',0),(2314,580,'<break />',0),(2315,580,'<br />',1),(2316,580,'<ib />',0),(2317,580,'<brk />',0),(2318,581,'Columns',1),(2319,581,'Rows',0),(2320,581,'Headers',0),(2321,581,'Steps',0),(2322,582,'Hyperlinks',0),(2323,582,'Comments',0),(2324,582,'Styles',0),(2325,582,'Attributes',1),(2326,583,'Name',0),(2327,583,'Id',1),(2328,583,'Class',0),(2329,583,'Style',0),(2330,584,'<iframe>',1),(2331,584,'<link>',0),(2332,584,'<src>',0),(2333,584,'<a>',0),(2334,585,'Head',1),(2335,585,'Arm',0),(2336,585,'Body',0),(2337,585,'Footer',0),(2338,586,'Control',0),(2339,586,'Details',1),(2340,586,'Revelaed',0),(2341,586,'Extra',0),(2342,587,'<mydiv>',0),(2343,587,'<div>',0),(2344,587,'</div>',1),(2345,587,'</myclass>',0),(2346,588,'6',0),(2347,588,'4',0),(2348,588,'3',1),(2349,588,'5',0),(2350,589,'-128',0),(2351,589,'Compilation fails',1),(2352,589,'Exception',0),(2353,589,'128',0),(2354,590,'1',0),(2355,590,'3\n4',1),(2356,590,'Compilation fails',0),(2357,590,'3\n4\n1',0),(2358,591,'Instanceof',0),(2359,591,'Strictfp',1),(2360,591,'Synchronised',0),(2361,591,'Goto',1),(2362,592,'1 bit',0),(2363,592,'1 byte',0),(2364,592,'Virtual machine dependent.',1),(2365,592,'Does not occupy any space.',0),(2366,593,'Compilation fails',1),(2367,593,'Infinite times\nmain as the \nconsole output.',0),(2368,593,'Exception',0),(2369,593,'Main',0),(2370,594,'Runnable',1),(2371,594,'Throwable',0),(2372,594,'Cloasable',0),(2373,594,'Serializable',1),(2374,595,'Char ch = \'utea\';',1),(2375,595,'Char ca = \'tea\';',0),(2376,595,'Char cr = u0223;',0),(2377,595,'Char cc = \'itea\';',0),(2378,596,'Object',0),(2379,596,'Int',1),(2380,596,'Long',0),(2381,596,'Void',0),(2382,597,'0',0),(2383,597,'Not a number',0),(2384,597,'Infinity',0),(2385,597,'Runtime exeption',1),(2386,598,'Every class must contain a main() method',1),(2387,598,'Applets do not require a main() method at all',0),(2388,598,'There can be only one main() method in a program',0),(2389,598,'Main() method must be made public',0),(2390,599,'9',0),(2391,599,'8',0),(2392,599,'Compilation error',1),(2393,599,'Runtime error',0),(2394,600,'Runtime error',0),(2395,600,'Throws exception',0),(2396,600,'Compile time error',1),(2397,600,'Runs successfully',0),(2398,601,'Heap',0),(2399,601,'Stack',0),(2400,601,'Class',0),(2401,601,'Jvm',1),(2402,602,'Methods',0),(2403,602,'Constructors',0),(2404,602,'All of the mentioned',1),(2405,602,'None of the mentioned',0),(2406,603,'Polymorphism',0),(2407,603,'Abstraction',0),(2408,603,'Encapsulation',0),(2409,603,'Recursion',1),(2410,604,'Class',0),(2411,604,'Object',1),(2412,604,'Variable',0),(2413,604,'Method',0),(2414,605,'Array',0),(2415,605,'Stack',1),(2416,605,'Queue',0),(2417,605,'Tree',0),(2418,606,'Capacity()',0),(2419,606,'Increasecapacity()',0),(2420,606,'Increasecapacity()',0),(2421,606,'Ensurecapacity()',1),(2422,607,'Hashmap.synchronize(hashmap a);',0),(2423,607,'Hashmap a = new hashmap();\na.synchronize();',0),(2424,607,'Collections.synchronizedmap(new hashmap<string, string>());',1),(2425,607,'Collections.synchronize(new hashmap<string, string>());',0),(2426,608,'Treeset is more efficient than sortedset',0),(2427,608,'Sortedset is more efficient than treeset',0),(2428,608,'Treeset is an interface; sortedset is a concrete class',0),(2429,608,'Sortedset is an interface; treeset is a concrete class',1),(2430,609,'Search()',0),(2431,609,'Get()',1),(2432,609,'Set()',0),(2433,609,'Look()',0),(2434,610,'[a, b, c]',0),(2435,610,'[1, 2, 3]',0),(2436,610,'{a=1, b=2, c=3}',0),(2437,610,'[a=1, b=2, c=3]',1),(2438,611,'Try',0),(2439,611,'Finally',1),(2440,611,'Thrown',0),(2441,611,'Catch',0),(2442,612,'Hello',0),(2443,612,'World',1),(2444,612,'Helloworld',0),(2445,612,'Hello world',0),(2446,613,'0',0),(2447,613,'5',0),(2448,613,'Compilation error',1),(2449,613,'Runtime error',0),(2450,614,'Finally',1),(2451,614,'Compilation fails',0),(2452,614,'The code runs with no output',0),(2453,614,'An exception is thrown at runtime',0),(2454,615,'Try',0),(2455,615,'Catch',0),(2456,615,'Throw',1),(2457,615,'Check',0),(2458,616,'Hello',0),(2459,616,'World',0),(2460,616,'Helloworld',0),(2461,616,'Worldworld',1),(2462,617,'The typeof is a unary operator that is placed before its single operand, which can be of any type.',0),(2463,617,'Its value is a string indicating the data type of the operand.',0),(2464,617,'Both of the above.',1),(2465,617,'None of the above.',0),(2466,618,'Window.print();',0),(2467,618,'Browser.print();',0),(2468,618,'Navigator.print();',1),(2469,618,'Document.print();',0),(2470,619,'A callback is a plain javascript function passed to some method as an argument or option.',0),(2471,619,'Some callbacks are just events, called to give the user a chance to react when a certain state is triggered.',0),(2472,619,'Both of the above.',1),(2473,619,'None of the above.',0),(2474,620,'Substr()',1),(2475,620,'Getsubstring()',0),(2476,620,'Slice()',0),(2477,620,'None of the above.',0),(2478,621,'Tosource()',0),(2479,621,'Valueof()',0),(2480,621,'Tostring()',1),(2481,621,'None of the above.',0),(2482,622,'Placed in stack',0),(2483,622,'Placed in queue',0),(2484,622,'Will run continuously',1),(2485,622,'Will execute immediately',0),(2486,623,'Nan',0),(2487,623,'Nan',1),(2488,623,'0',0),(2489,623,'1',0),(2490,624,'97',0),(2491,624,'27',1),(2492,624,'Error',0),(2493,624,'Undefined',0),(2494,625,'Strength:good',0),(2495,625,'Strength:poor',1),(2496,625,'Strength: no strength',0),(2497,625,'Undefined',0),(2498,626,'Settimeout()',1),(2499,626,'Settotaltime()',0),(2500,626,'Setinterval()',0),(2501,626,'Settime()',0),(2502,627,'Bytecode is executed by jvm',1),(2503,627,'The applet makes the java code secure and portable',0),(2504,627,'Use of exception handling',1),(2505,627,'Dynamic binding between objects',0),(2506,628,'Finished',0),(2507,628,'Exception',0),(2508,628,'Compilation fails.',1),(2509,628,'Arithmetic exception',0),(2510,629,'Variables are named final to create constant variables.',0),(2511,629,'Methods are named as final to prevent overriding.',0),(2512,629,'Class can be named as final to prevent inheritance.',0),(2513,629,'All of above.',1),(2514,630,'If a object is not reachable from  any live threads or by any static referrence it is eligible for gc.',1),(2515,630,'Programmer can start garbage collection manually for his code.',0),(2516,630,'Gc looks up in the heap memory for the unused objects and deletes them.',1),(2517,630,'Jvm automatically triggers gc based on java heap size.',1),(2518,631,'Volatile variable cannot be instantiated.',0),(2519,631,'Volatile keyword is used to modify the value of a variable by different threads',1),(2520,631,'Volatile variables are not visible to other threads.',0),(2521,632,'Char[] ch={\'h\',\'e\',\'l\',\'l\',\'o\',\'!\'};',0),(2522,632,'String str=\"hello!\";',0),(2523,632,'String str1= new string(\"hello!\");',0),(2524,632,'All of above.',1),(2525,633,'Heap area',0),(2526,633,'Stack area',0),(2527,633,'Constant  string pool',1),(2528,633,'None of above',0),(2529,634,'Catchable',0),(2530,634,'Runtime\nexception',0),(2531,634,'String',0),(2532,634,'Throwable',0),(2533,635,'[a,d,c]',0),(2534,635,'[a,d,b,c]',0),(2535,635,'Compilation \nerror',0),(2536,635,'Runtime\nerror',0),(2537,636,'Checked exception',0),(2538,636,'Unchecked exception',0),(2539,636,'Errors',0),(2540,636,'Compiler exception',0),(2541,637,'Ioexception',0),(2542,637,'Filenotfoundexception',0),(2543,637,'Interruptedexception',0),(2544,637,'Illegalthreadstateexception',1),(2545,638,'0',0),(2546,638,'-1',0),(2547,638,'Not initialized any value.',1),(2548,638,'Nan',0),(2549,639,'Class area',0),(2550,639,'Heap',0),(2551,639,'Private property area',1),(2552,639,'Program counter register',0),(2553,640,'30hello',0),(2554,640,'1020hello',0),(2555,640,'Compilation fails.',1),(2556,640,'Arithmetic exception',0),(2557,641,'Stringbuilder',0),(2558,641,'Stringbuffer',0),(2559,641,'Both',0),(2560,641,'None',0),(2561,642,'String s1 = null;',0),(2562,642,'String s2 = \'null\';',0),(2563,642,'String s3 = (string) \'abc\';',0),(2564,642,'String s4 = (string) \'ufeed\';',0),(2565,643,'Runnable interface',0),(2566,643,'Marker interface',1),(2567,643,'Abstract interface',0),(2568,643,'Charsequence interface',0),(2569,644,'Exceptions occured by the virtualmachine error',0),(2570,644,'An exception caused by other exceptions',1),(2571,644,'Exceptions occurs in chains with discarding the debugging information',0),(2572,644,'None of these',0),(2573,645,'Complete',0),(2574,645,'Iomplede',0),(2575,645,'Cimpletd',1),(2576,645,'Coipletd',0),(2577,646,'0',0),(2578,646,'5',0),(2579,646,'Compilation error',1),(2580,646,'Runtime error',0),(2581,647,'20',0),(2582,647,'30',0),(2583,647,'40',1),(2584,647,'None of these',0),(2585,648,'Will not compile.',0),(2586,648,'Will compile and run printing out 20',1),(2587,648,'Runtime error',0),(2588,648,'Will compile and run printing out 25',0),(2589,649,'Instance block, method, static block, and constructor',0),(2590,649,'Method, constructor, instance block, and static block',0),(2591,649,'Static block, method, instance block, and constructor',0),(2592,649,'Static block, instance block, constructor, and method',1),(2593,650,'Finished',0),(2594,650,'Exception',0),(2595,650,'Compilation fails.',1),(2596,650,'Arithmetic exception',0),(2597,651,'Java runtime\n terminates the \nprogram',1),(2598,651,'Program is \nterminated \nabnormally.',0),(2599,651,'Main method \ncan\'t throw\n exception',0),(2600,651,'Program is not \nterminated at all',0),(2601,652,'Yes,we can call \nand override it',1),(2602,652,'Yes,we can call it \nbut can\'t override\n in sub class',0),(2603,652,'Neither we can \ncall it nor we can \noverride it',0),(2604,652,'We can\'t call it \nbut we can \novveride\n it in sub class',0),(2605,653,'24',0),(2606,653,'Compilation  error',0),(2607,653,'12',1),(2608,653,'60',0),(2609,654,'Error',0),(2610,654,'Program is not valid',0),(2611,654,'Sample',0),(2612,654,'Something else',1),(2613,655,'30',0),(2614,655,'10',0),(2615,655,'40',1),(2616,655,'20',0),(2617,656,'Boo f = new boo(24) { };',0),(2618,656,'Boo f = new bar() { };',1),(2619,656,'Bar f = new boo(string s) { };',0),(2620,656,'Boo f = new boo.bar(string s) { };',0),(2621,657,'The class must contain a method called run() from which all code for that thread will be initiated.',1),(2622,657,'The class must contain an empty public void method named run().',0),(2623,657,'The class must contain a public void method named runnable().',0),(2624,657,'You can extend the runnable interface as long as you override the public run() method.',0),(2625,658,'A = 10',0),(2626,658,'A = 20',0),(2627,658,'Compilation error',1),(2628,658,'None of these',0),(2629,659,'Arithmetic exception try-block3',0),(2630,659,'Exception main try-block',0),(2631,659,'Arrayindexoutofboundsexception main try-block',1),(2632,659,'Arithmetic exception try-block2',0),(2633,660,'Stringbuffer()',1),(2634,660,'String()',0),(2635,660,'String() & stringbuffer()',0),(2636,660,'None of these',0),(2637,661,'No',0),(2638,661,'Yes',1),(2639,662,'Avaj',0),(2640,662,'Java',0),(2641,662,'Java',0),(2642,662,'None of these',1),(2643,663,'Binary tree',0),(2644,663,'Avl tree',0),(2645,663,'Redblack tree',1),(2646,663,'N-ary tree',0),(2647,664,'74',0),(2648,664,'75',1),(2649,664,'76',0),(2650,664,'77',0),(2651,665,'‘b’ and ‘d’ are int',0),(2652,665,'‘b’ and ‘d’ are arrays of type int',0),(2653,665,'‘b’ is int variable; ‘d’ is int array',1),(2654,665,'‘d’ is int variable; ‘b’ is int array',0),(2655,666,'0',0),(2656,666,'1',0),(2657,666,'Compilation error',0),(2658,666,'Runtime error',1),(2659,667,'Heap space',1),(2660,667,'Stack space',0),(2661,667,'Heap space and stack space',0),(2662,667,'First generation memory',0),(2663,668,'An array can hold primitive types data',0),(2664,668,'An array has its size that is known as array length',0),(2665,668,'An array knows only its type that it contains. array type is checked at the compile-time',0),(2666,668,'An array holds only one type of data',1),(2667,669,'Stringbuffer class',1),(2668,669,'Stringbuilder class',0),(2669,669,'Both 1 and 2',0),(2670,669,'None of them',0),(2671,670,'A stringindexoutofboundsexception is thrown at runtime.',0),(2672,670,'4',1),(2673,670,'-1',0),(2674,670,'3',0),(2675,671,'15 times ***',0),(2676,671,'15 times +++++',0),(2677,671,'8 times *** and \n7 times +++++',1),(2678,671,'Both will print \nonly once',0),(2679,672,'An interface can contain following type of members.\n....public, static, final fields (i.e., constants) \n....default and static methods with bodies',1),(2680,672,'An instance of interface can be created.',0),(2681,672,'A class can implement multiple interfaces.',0),(2682,672,'Many classes can implement the same interface.',0),(2683,673,'10, 5, 0, 20, 0',0),(2684,673,'Nikhil',0),(2685,673,'60, 5, 0, 20',0),(2686,673,'60, 30, 0, 20, 0',1),(2687,674,'True negative = correctly rejected',0),(2688,674,'False negative = correctly rejected',0),(2689,674,'False positive = correctly identified',1),(2690,674,'True positive = correctly identified',0),(2691,675,'Log(50/3)/10000',0),(2692,675,'50*log(3/10000)',0),(2693,675,'50/log(10000/3)',0),(2694,675,'3*log(10000/50)',1),(2695,676,'The likelihood of a pos tag given a word',0),(2696,676,'The likelihood of a pos tag given the preceding tag',0),(2697,676,'The likelihood of a word given a pos tag',1),(2698,676,'The likelihood of a pos tag given two preceding tags',0),(2699,677,'Mean is greater than 50',1),(2700,677,'Mean is less than 50',0),(2701,677,'Mode is less than 50',1),(2702,677,'Mode is greater than 50',0),(2703,678,'Confidence interval will increase with the introduction of outliers.',1),(2704,678,'Confidence interval will decrease with the introduction of outliers.',0),(2705,678,'Confidence interval is robust to outliers',0),(2706,678,'We cannot determine the confidence interval in this case.',0),(2707,679,'16/370',1),(2708,679,'30/350',0),(2709,679,'15/350',0),(2710,679,'31/370',0),(2711,680,'In gd, you either use the entire data or a subset of training data to update a parameter in each iteration.',0),(2712,680,'In gd and sgd, you update a set of parameters in an iterative manner to minimize the error function.',1),(2713,680,'In sgd, you have to run through all the samples in your training set for a single update of a parameter in each iteration.',0),(2714,680,'All the statements are true',0),(2715,681,'Both will have interpretation in the nearest neighbour space.',0),(2716,681,'X_projected_pca will have interpretation in the nearest neighbour space.',0),(2717,681,'X_projected_tsne will have interpretation in the nearest neighbour space.',1),(2718,681,'None of them will have interpretation in the nearest neighbour space.',0),(2719,682,'Simulate the network on a test dataset after every epoch of training. stop training when the generalization error starts to increase',1),(2720,682,'Add a momentum term to the weight update in the generalized delta rule, so that training converges more quickly',0),(2721,682,'A faster version of backpropagation, such as the `quickprop’ algorithm',0),(2722,682,'Train the network until a local minimum in the error function is reached',0),(2723,683,'Less than 100 seconds',0),(2724,683,'100 – 300 seconds',0),(2725,683,'300 – 600 seconds',0),(2726,683,'More than or equal to 600 seconds',1),(2727,684,'Depth 4 will have high bias and high variance',0),(2728,684,'Depth 4 will have high bias and low variance',1),(2729,684,'Depth 5 will have low bias and low variance',0),(2730,684,'None of the provided options',0),(2731,685,'Relu',0),(2732,685,'Tanh',1),(2733,685,'Sigmoid',0),(2734,685,'None of these',0),(2735,686,'Inherits',0),(2736,686,'Extends',0),(2737,686,'In heritable',0),(2738,686,'Sealed',1),(2739,687,'It defines a class that inherits public methods of a only',0),(2740,687,'It defines a class that inherits all the method of a,but private members can\'t be accessed',1),(2741,687,'It defines a class that inherits private as well as public methods and variables and can access both',0),(2742,687,'Error',0),(2743,688,'It is the least permissive access level',0),(2744,688,'It is available within the class definition',0),(2745,688,'It is the most permissive access level',0),(2746,688,'It is available to classes that are within the same assembly or derived from the specified base class.',1),(2747,689,'1,2,3',0),(2748,689,'1,4,5',1),(2749,689,'3,5',0),(2750,689,'3,4',0),(2751,690,'Javascript runtime environment',1),(2752,690,'Javascript framework',0),(2753,690,'Both',0),(2754,691,'Npm init',0),(2755,691,'Npm install',0),(2756,691,'Both',0),(2757,691,'None',0),(2758,692,'Var http = require(\"http\");',1),(2759,692,'Var http = new require(\"http\");',0),(2760,692,'Var http = new http()',0),(2761,692,'None',0),(2762,693,'Event emitter',1),(2763,693,'Node-events',0),(2764,693,'Events',0),(2765,693,'None of the above',0),(2766,694,'Global',0),(2767,694,'Local',0),(2768,694,'Global functions',0),(2769,694,'Local to objects',0),(2770,695,'Null , null',0),(2771,695,'Null, undefined',0),(2772,695,'Null,object',0),(2773,695,'Object,null',0),(2774,696,'A - web module',0),(2775,696,'B – net module',0),(2776,696,'C - domain module',0),(2777,696,'D - error module',0),(2778,697,'To get the last command used.',0),(2779,697,'To get the last result.',1),(2780,697,'To store the result.',0),(2781,697,'- none of the above.',0),(2782,698,'Print(t[3])',0),(2783,698,'T[3] = 45',1),(2784,698,'Print(max(t))',0),(2785,698,'Print(len(t))',0),(2786,699,'A_dict = {\'one\': 1, \'two\': 2, \'thee\': 3, \'four\': 4}\nnew_dict = {} \nfor key, value in a_dict:\n    if value <= 2:\n        new_dict = value',0),(2787,699,'Incomes = {\'apple\': 5600.00, \'orange\': 3500.00, \'banana\': 5000.00}\ntotal_income = 0.00\nfor value in incomes.values():\n    total_income += value',0),(2788,699,'A_dict = {\'one\': 1, \'two\': 2, \'thee\': 3, \'four\': 4}\nnew_dict = {} \nfor key, value in a_dict.items():\n    if value <= 2:\n        new_dict[key] = value',0),(2789,699,'A_dict = {\'one\': 1, \'two\': 2, \'thee\': 3, \'four\': 4}\nnew_dict = {}\nfor key, value in a_dict.items():\n    new_dict[value] = key',0),(2790,700,'A_dict = {\'one\': 1, \'two\': 2, \'thee\': 3, \'four\': 4}\nnew_dict = {value: key for key, value in a_dict.items()}',0),(2791,700,'Objects = [\'blue\', \'apple\', \'dog\']\ncategories = [\'color\', \'fruit\', \'pet\']\na_dict = {key: value for key, value in zip(categories, objects)}',0),(2792,700,'A_dict = {\'one\': 1, \'two\': 2, \'thee\': 3, \'four\': 4}\nnew_dict = {k: v for k, v in a_dict.items if v <= 2}',0),(2793,700,'A_dict = {\'one\': 1, \'two\': 2, \'thee\': 3, \'four\': 4}\nnew_dict = {k: v for k, v in a_dict.items() if v <= 2}',0),(2794,701,'Cycle()',0),(2795,701,'Chain()',0),(2796,701,'Map()',0),(2797,701,'Iter()',0),(2798,702,'3',0),(2799,702,'6',0),(2800,702,'2',0),(2801,702,'Syntaxerror',0),(2802,703,'List(filter(lambda x: 2, numbers))',0),(2803,703,'List(filter(lambda x: (x + 1) * 3 / 3 % 3 == 0, numbers))',0),(2804,703,'List(filter(lambda x: x > 1, numbers))',0),(2805,703,'List(filter(lambda x: x % 2 == 0, numbers))',0),(2806,704,'None',0),(2807,704,'All of the available cpus',0),(2808,704,'Two',0),(2809,704,'One',0),(2810,705,'Waits for the thread to finish',0),(2811,705,'Adds the thread to a pool',0),(2812,705,'Restricts access to a resource',0),(2813,705,'Merges two threads into one',0),(2814,706,'Something you should add to your code',0),(2815,706,'The weather on race day',0),(2816,706,'Two threads incorrectly accessing a shared resource',0),(2817,706,'Testing which thread completes first',0),(2818,707,'It prevents the threads from having race conditions',0),(2819,707,'It manages the start up of all threads and waits for them all to complete',0),(2820,707,'It passes exceptions back to the main program',0),(2821,707,'It looks better',0),(2822,708,'A list may contain any type of object except another list',0),(2823,708,'These represent the same list:\n\n[\'a\', \'b\', \'c\']\n\n[\'c\', \'a\', \'b\']',0),(2824,708,'There is no conceptual limit to the size of a list',0),(2825,708,'A given object may appear in a list more than once',0),(2826,709,'String',0),(2827,709,'Numbers',0),(2828,709,'Slice',1),(2829,709,'List',0),(2830,710,'{‘animal’: ‘horses’, ‘verb’: ‘are’, ‘adjective’: ‘fast’}',1),(2831,710,'(‘horses’, ‘are’, ‘fast’)',0),(2832,710,'‘horses are fast’',0),(2833,710,'‘are’',0),(2834,711,'Type \'int\'',0),(2835,711,'Type \'type\'',1),(2836,711,'Error',0),(2837,711,'0',0),(2838,712,'Dlrow olleh',1),(2839,712,'Hello worl',0),(2840,712,'D',0),(2841,712,'Error',0),(2842,713,'Nan',0),(2843,713,'-11',0),(2844,713,'-6',1),(2845,713,'None of the above',0),(2846,714,'It supports automatic garbage collection.',1),(2847,714,'It can be easily integrated with c, c++, com, activex, corba, and java',1),(2848,714,'To start python from the command prompt, use the command - \"run python\"',0),(2849,714,'None of the above',0),(2850,715,'Import pandas',1),(2851,715,'Import pandas as p',1),(2852,715,'From pandas import *',1),(2853,715,'Import dataframe pandas',0),(2854,716,'J, h, n,',0),(2855,716,'J, h, o, n,',1),(2856,716,'J h on',0),(2857,716,'Jhon',0),(2858,717,'Isupper()',0),(2859,717,'Join(seq)',0),(2860,717,'Len(string)',0),(2861,717,'Ljust(width[, fillchar])',1),(2862,718,'D c',0),(2863,718,'E b',0),(2864,718,'E keyerror',1),(2865,718,'D b',0),(2866,719,'Keyerror',0),(2867,719,'{0: 1, 7: 0, 1: 1, 8: 0}',0),(2868,719,'{0: 0, 7: 0, 1: 1, 8: 1}',1),(2869,719,'{1: 1, 7: 2, 0: 1, 8: 1}',0),(2870,720,'List is mutable & tuple is immutable',1),(2871,720,'List is immutable & tuple is mutable',0),(2872,720,'Both are mutable.',0),(2873,720,'Both are immutable',0),(2874,721,'13',1),(2875,721,'15',0),(2876,721,'2',0),(2877,721,'None of the above',0),(2878,722,'Hello world 1',0),(2879,722,'Hello world 2',0),(2880,722,'Hello world 1 hello world 2',0),(2881,722,'Error',1),(2882,723,'Be changed inside the component',0),(2883,723,'Not be changed in the component',1),(2884,723,'Be changed in side other component',0),(2885,723,'None of above',0),(2886,724,'User interface layer in an application',1),(2887,724,'Data layer in an application',0),(2888,724,'Both a and b',0),(2889,724,'None of above',0),(2890,725,'Properties to the component',0),(2891,725,'Event handler to component',0),(2892,725,'Both a and b',1),(2893,725,'None of above',0),(2894,726,'Synchronous in nature',0),(2895,726,'Asynchronous in nature',1),(2896,726,'Are asynchronous but can be made synchronous when required',0),(2897,726,'None of above',0),(2898,727,'Unique in the dom',0),(2899,727,'Unique among the siblings only',1),(2900,727,'Do not requires to be unique',0),(2901,727,'None of above',0),(2902,728,'A persistent storage',0),(2903,728,'An internal data store (object) of component',1),(2904,728,'Both a and b',0),(2905,728,'None of above',0),(2906,729,'A controlled component',0),(2907,729,'An uncontrolled component',1),(2908,729,'Can be done from both',0),(2909,729,'None of above',0),(2910,730,'<h1>{fetch()}</h1>',1),(2911,730,'<h1>${fetch()}</h1>',0),(2912,730,'<h1>{fetch}</h1>',0),(2913,730,'<h1>${fetch}</h1>',0),(2914,731,'<button onclick={this.foo()}>',0),(2915,731,'<button onclick={this.foo}>',0),(2916,731,'<button onclick={this.foo()}>',0),(2917,731,'<button onclick={this.foo}>',1),(2918,732,'Style={{font-size:12,color:\'red\'}}',0),(2919,732,'Style={{fontsize:\'12px\',color:\'red\'}}',1),(2920,732,'Style={fontsize:\'12px\',color:\'red\'}',0),(2921,732,'Style={{font-size:12px,color:\'red\'}}',0),(2922,733,'Repetitive output appears on the screen',0),(2923,733,'Duplicate key error',0),(2924,733,'Stack overflow error',1),(2925,733,'Nothing happens. life goes on!',0),(2926,734,'To invoke code after the setstate operation is done',1),(2927,734,'To replace the state completely instead of the default merge action',0),(2928,734,'To access the previous state before the setstate operation',0),(2929,735,'An input element with the controlled flag',0),(2930,735,'An input element whose value is being controlled by a component’s state',1),(2931,735,'An input element that can only accept a list of characters',0),(2932,735,'An input element that is controlled by the value of another input element',0),(2933,736,'Be changed inside the component',0),(2934,736,'Not be changed in the component',1),(2935,736,'Be changed in side other component',0),(2936,736,'None of above',0),(2937,737,'Displays the list of languages in the array',1),(2938,737,'Error. cannot use direct javascript code in jsx',0),(2939,737,'Displays nothing',0),(2940,737,'Error. should be replaced with a for..loop for correct output',0),(2941,738,'Do not requires to be unique',0),(2942,738,'Unique in the dom',0),(2943,738,'Unique among siblings',1),(2944,738,'All of the above',0),(2945,739,'Dispatcher->action->store->view',0),(2946,739,'Action->dispatcher->view->store',0),(2947,739,'Action->dispatcher->store->view',1),(2948,739,'Action->store->dispatcher->view',0),(2949,740,'Setstate',0),(2950,740,'Render with arguments',0),(2951,740,'Proptypes',0),(2952,740,'Props',1),(2953,741,'Displays the list of languages in the array',1),(2954,741,'Error. cannot use direct javascript code in jsx',0),(2955,741,'Displays nothing',0),(2956,741,'Error. should be replaced with a for..loop for correct output',0),(2957,742,'Rank 1 of cricketer amit',1),(2958,742,'Rank 1 of cricketer david',0),(2959,743,'Useful since it converts html tags into react elements',0),(2960,743,'Performs optimization and is also type safe',1),(2961,743,'We can use custom attributes',0),(2962,743,'Since javascript expressions can be used inside of jsx',0),(2963,744,'2525',0),(2964,744,'50',1),(2965,745,'Updated',0),(2966,745,'Initiated',1),(2967,745,'Unmounted',0),(2968,745,'All of the above',0),(2969,746,'{ foo: 1 }',0),(2970,746,'N/a, the above throws an error',0),(2971,746,'{ foo: 1, bar: 2 }',1),(2972,746,'{ foo: 1, 2: bar }',0),(2973,747,'[1, 2, 3]',0),(2974,747,'[1, 2, 3, 4, 5, 6]',0),(2975,747,'[4, 5, 6, 1, 2, 3]',0),(2976,747,'None',1),(2977,748,'Count()',0),(2978,748,'Number()',0),(2979,748,'Sum()',0),(2980,748,'Count(*)',0),(2981,749,'Most',0),(2982,749,'Top',0),(2983,749,'Max',0),(2984,749,'Upper',0),(2985,750,'An sql query can contain a having clause even if it does not have a group by clause',0),(2986,750,'An sql query can contain a having clause only if it has a group by clause',0),(2987,750,'All attributes used in the group by clause must appear in the select clause',0),(2988,750,'Not all attributes used in the group by clause need to appear in the select clause',0),(2989,751,'127',0),(2990,751,'255',0),(2991,751,'129',0),(2992,751,'257',0),(2993,752,'Between',0),(2994,752,'Like',0),(2995,752,'Exists',0),(2996,752,'None of these',0),(2997,753,'Alter table',0),(2998,753,'Modify table',0),(2999,753,'Change table',0),(3000,753,'All of the above',0),(3001,754,'Not in',0),(3002,754,'In',0),(3003,754,'Like',0),(3004,754,'Between',0),(3005,755,'Select sum(s.rating) from sailors s, reserves r and r.bid = 103;',0),(3006,755,'Select s.rating from sailors s, reserves r where s.sid = r.sid and r.bid = 103',0),(3007,755,'Select count(s.rating) from sailors s, reserves r where s.sid = r.sid and r.bid = 103',0),(3008,755,'Select sum(s.rating) from sailors s, reserves r where s.sid = r.sid and r.bid = 103',0),(3009,756,'Hi',0),(3010,756,'Nan',0),(3011,756,'Nan',0),(3012,756,'Nothing',0),(3013,757,'Not will be evaluated first; and will be evaluated second; or will be evaluated last.',0),(3014,757,'Not will be evaluated first; or will be evaluated second; and will be evaluated last.',0),(3015,757,'And will be evaluated first; or will be evaluated second; not will be evaluated last.',0),(3016,757,'The order of occurrence determines the order of evaluation.',0),(3017,758,'Delete',1),(3018,758,'Drop',0),(3019,758,'Truncate',0),(3020,758,'All of the above',0),(3021,759,'Max',1),(3022,759,'Sum',0),(3023,759,'Count',0),(3024,759,'None of these',0),(3025,760,'Equijoin',0),(3026,760,'Non-equijoin',0),(3027,760,'Outer join',0),(3028,760,'Natural join',0),(3029,761,'The same as 0 for integer',0),(3030,761,'The same as blank for character',0),(3031,761,'Not a value',0),(3032,761,'The same as 0 for integer and blank for character',0),(3033,762,'You do not create them with sql.',0),(3034,762,'They do not need to have a unique name.',0),(3035,762,'They include procedural and sql statements.',0),(3036,762,'They are the same thing as a function.',0),(3037,763,'A way to establish an if-then-else in sql.',0),(3038,763,'A way to establish a loop in sql.',0),(3039,763,'A way to establish a data definition in sql.',0),(3040,763,'All of the above.',0),(3041,764,'Both consist of procedural code.',0),(3042,764,'Both have to be called to operate',0),(3043,764,'Both run automatically',0),(3044,764,'Both are stored in the database',0),(3045,765,'Uses the result of an inner query to determine the processing of an outer query',0),(3046,765,'Uses the result of an outer query to determine the processing of an inner query',0),(3047,765,'Uses the result of an inner query to determine the processing of an inner query',0),(3048,765,'Uses the result of an outer query to determine the processing of an outer query',0),(3049,766,'Nan',0),(3050,766,'Nan',0),(3051,767,'Hard-coded sql statements in a program language such as java',0),(3052,767,'The process of making an application capable of generating specific sql code on the fly',0),(3053,767,'Hard-coded sql statements in a procedure',0),(3054,767,'Hard-coded sql statements in a trigger',0),(3055,768,'Sortby',0),(3056,768,'Alignby',0),(3057,768,'Orderby',1),(3058,768,'Groupby',0),(3059,769,'Ascending',1),(3060,769,'Descending',0),(3061,770,'Yes',0),(3062,770,'No',1),(3063,770,'Can\'t say',0),(3064,771,'Inner join',1),(3065,771,'Left join',0),(3066,771,'Right join',0),(3067,771,'Full join',0),(3068,772,'Select salary from employee order by salary desc limit n-1, 1',0),(3069,772,'Select top 1 salary from(distinct top n salary from #employee order by salary desc) as temp order by salary',0),(3070,772,'Both of them',1),(3071,772,'None of them',0),(3072,773,'Double equal sign ( == )',1),(3073,773,'Like',0),(3074,773,'Between',0),(3075,773,'Single equal sign ( = )',0),(3076,774,'Many primary key and many unique key',0),(3077,774,'One primary key and one unique key',0),(3078,774,'One primary key and many unique key',1),(3079,774,'Many primary key and one unique key',0),(3080,775,'Equi join',0),(3081,775,'Natural join',0),(3082,775,'Outer join',0),(3083,775,'Inner join',0),(3084,776,'Select * from r natural join s',0),(3085,776,'Select * from r cross join s',1),(3086,776,'Select * from r union join s',0),(3087,776,'Select * from r inner join s',0),(3088,777,'Left outer join',0),(3089,777,'Right outer join',0),(3090,777,'Full outer join',0),(3091,777,'Half outer join',0),(3092,778,'Delete',1),(3093,778,'Empty',0),(3094,778,'Truncate',1),(3095,778,'None of the above.',0),(3096,779,'Left join',0),(3097,779,'Full join',1),(3098,779,'Cross join',0),(3099,779,'Full join',0),(3100,780,'Max()',1),(3101,780,'Ucase()',0),(3102,780,'Now()',0),(3103,780,'Count()',1),(3104,781,'Subqueries',0),(3105,781,'Union join',0),(3106,781,'Natural join',0),(3107,781,'All of the above',1),(3108,782,'You do not create them using sql.',0),(3109,782,'They execute against only some applications that access a database.',0),(3110,782,'They have an event actions and conditions.',0),(3111,782,'They can not cancade (couse another trigger to fire).',0),(3112,783,'Sort by',0),(3113,783,'Group by',0),(3114,783,'None',0),(3115,783,'Order by',0),(3116,784,'Exists operator',0),(3117,784,'Not operator',0),(3118,784,'Is null operator',1),(3119,784,'None of these',0),(3120,785,'6789',0),(3121,785,'2345',1),(3122,785,'1234',0),(3123,785,'456789',0),(3124,786,'Values',1),(3125,786,'Distinct values',0),(3126,786,'Groups',0),(3127,786,'Column',0),(3128,787,'Used to access\n data\n from higher to \nlower\n forms of a \ndatabase',1),(3129,787,'Used to access \ndata from lower \nto \nhigher forms\n of database',0),(3130,787,'Used to transfer\ndata \nfrom same level \nof \ndatabase i.e from \nlower to lower \nforms\n of database only.',0),(3131,787,'Used to transfer \ndata from higher \nto higher \nforms of a \ndatabase only',0),(3132,788,'Trigger in sql is\n are a special type \nof stored \nprocedures\n that are defined \nto\n execute \nautomatically \nin place or after\n data \nmodifications.',1),(3133,788,'Trigger in sql \nis are a special\n type of indexes \nthat\n are defined to \nexecute \nautomatically \nin place or after \ndata \nmodifications.',0),(3134,788,'Triggers in sql  \nare \nsimilar to \njoins , can be \nused \ninterchangeably',0),(3135,788,'Trigger is a \ncontrol flow\n function .',0),(3136,789,'Null value --\n value \nwhich is\n unavailable.\nzero is a number.\nblank space is a\n character.',0),(3137,789,'All three serve\n the same \nfunctionnality.',0),(3138,789,'Null and zero:\nit refers to value\nwhich is \nunavailable,\nblank space is a \ncharacter',0),(3139,789,'Null value and \nblank space\n value \nwhich is\n unavailable.\nzero is a number.',0),(3140,790,'Object-oriented',0),(3141,790,'Hierarchical',0),(3142,790,'Relatioal',1),(3143,790,'Network',0),(3144,791,'Table',0),(3145,791,'Row',1),(3146,791,'Column',0),(3147,791,'Object',0),(3148,792,'If exists',0),(3149,792,'If not exists',1),(3150,792,'Create \nexists',0),(3151,792,'Exists if',0),(3152,793,'Change',0),(3153,793,'Alter',1),(3154,793,'Alternate',0),(3155,793,'Update',0),(3156,794,'Primary',0),(3157,794,'Foreign',1),(3158,794,'Secondary',0),(3159,794,'Cross',0),(3160,795,'Column name',0),(3161,795,'Table name',0),(3162,795,'Search string',1),(3163,795,'Database name',0),(3164,796,'The average salary is more than the average salary in the company',0),(3165,796,'The average salary of male employees is more than the average salary of all male employees in the company',0),(3166,796,'The average salary of male employees is more than the average salary of employees in the same department',0),(3167,796,'The average salary of male employees is more than the average salary in the company',1),(3168,797,'X = 5 and not(not(x = 5))',0),(3169,797,'X = 5 and x> 4 and x < 6, where x is an integer',0),(3170,797,'X ≠ 5 and not (x = 5)',1),(3171,797,'None of the above',0),(3172,798,'Titles of the four most expensive books',0),(3173,798,'Title of the fifth most inexpensive book',0),(3174,798,'Title of the fifth most expensive book',0),(3175,798,'Titles of the five most expensive books',1),(3176,799,'Equi join',0),(3177,799,'Natural join',0),(3178,799,'Outer join',0),(3179,799,'Cartesian join',1),(3180,800,'Q and s',0),(3181,800,'Q and r',1),(3182,800,'P and r',0),(3183,800,'P and s',0),(3184,801,'Sql union',1),(3185,801,'Sql group by',0),(3186,801,'Sql join',0),(3187,801,'None of these',0),(3188,802,'Delete table r',0),(3189,802,'Delete from r',0),(3190,802,'Drop relation r',0),(3191,802,'Drop table r',1),(3192,803,'Inner join',0),(3193,803,'Cross join',0),(3194,803,'Outer join',1),(3195,803,'None of these',0),(3196,804,'Getmetadata()',0),(3197,804,'Metadata()',1),(3198,804,'Getcolumn()',0),(3199,804,'Get count()',0),(3200,805,'Create table',0),(3201,805,'Modify table',0),(3202,805,'Alter table',1),(3203,805,'Drop table',0),(3204,806,'Atleast, exactly',0),(3205,806,'Exactly, atleast',1),(3206,806,'Atleast, all',0),(3207,806,'All, exactly',0),(3208,807,'Unique',0),(3209,807,'Primary key',0),(3210,807,'Foreign key',1),(3211,807,'None',0),(3212,808,'1-iii,2-i,3-ii,4-iv',0),(3213,808,'1-iii,2-ii,3-iv,4-i',0),(3214,808,'1-ii,2-iii,3-iv,4-i',1),(3215,808,'1-i,2-iii,3-ii,4-iv',0),(3216,809,'Throw error',0),(3217,809,'Output will be cross join of both tables',1),(3218,809,'Output will be inner join',0),(3219,809,'Output will be only country table data',0),(3220,810,'5',0),(3221,810,'3',0),(3222,810,'6',0),(3223,810,'9',0),(3224,811,'(a)  is true',0),(3225,811,'B) is true',1),(3226,811,'Both (a) and (b) are true',0),(3227,811,'Niether (a) nor (b) are true',0),(3228,812,'Look-up',0),(3229,812,'Insert',0),(3230,812,'Modify',1),(3231,812,'Change',0),(3232,813,'Equi-join',1),(3233,813,'Natural join',0),(3234,813,'Outer join',0),(3235,813,'Cartesian join',0),(3236,814,'Select city, temperature, condition from weather where condition not in (‘sunny’, ‘cloudy’)',1),(3237,814,'Select city, temperature, condition from weather where condition not between (‘sunny’, ‘cloudy’)',0),(3238,814,'Select city, temperature, condition from weather where condition in (‘sunny’, ‘cloudy’)',0),(3239,814,'Select city, temperature, condition from weather where condition between (‘sunny’, ‘cloudy’);',0),(3240,815,'1-iii,2-i,3-ii,4-iv',0),(3241,815,'1-iii,2-ii,3-iv,4-i',0),(3242,815,'1-ii,2-iii,3-iv,4-i',1),(3243,815,'1-i,2-iii,3-ii,4-iv',0),(3244,816,'Update',0),(3245,816,'Alternate',0),(3246,816,'Change',0),(3247,816,'Alter',0),(3248,817,'Create table',0),(3249,817,'Verify table',0),(3250,817,'Details table',0),(3251,817,'Check table',0),(3252,818,'Use',0),(3253,818,'Create',0),(3254,818,'Drop',0),(3255,818,'Schema',0),(3256,819,'Unit testing',0),(3257,819,'Block box testing',0),(3258,819,'Performance testing',1),(3259,819,'Regression testing',0),(3260,820,'Sdlc',0),(3261,820,'Stlc',1),(3262,820,'Sqlc',0),(3263,820,'Blc',0),(3264,821,'Recursive testing',0),(3265,821,'Whitebox testing',0),(3266,821,'Unit testing',0),(3267,821,'Regression testing',1),(3268,822,'Is the same as equivalence partitioning tests',0),(3269,822,'Tests combinations of input circumstances',0),(3270,822,'Test boundary conditions on, below and above the edges of input and output equivalence classes',1),(3271,822,'Is used in white box testing strategy',0),(3272,823,'Load testing',1),(3273,823,'Integration testing',0),(3274,823,'System testing',0),(3275,823,'Usability testing',0),(3276,824,'Test matrix',0),(3277,824,'Checklist',0),(3278,824,'Test bed',0),(3279,824,'Traceability matrix',1),(3280,825,'Validation',0),(3281,825,'Verification',1),(3282,825,'Quality assurance',0),(3283,825,'Quality control',0),(3284,826,'Usability testing',1),(3285,826,'Security testing',0),(3286,826,'Unit testing',0),(3287,826,'Block box testing',0),(3288,827,'Verification',0),(3289,827,'Validation',0),(3290,827,'Quality assurance',1),(3291,827,'Quality control',0),(3292,828,'Yes',0),(3293,828,'No',1),(3294,829,'Test case',0),(3295,829,'Test plan',1),(3296,829,'Test summary report',0),(3297,829,'Defect report',0),(3298,830,'New',0),(3299,830,'Open',0),(3300,830,'Deffered',0),(3301,830,'Critical',1),(3302,831,'Nan',0),(3303,831,'Type()',0),(3304,831,'Sendkeys(\"text\")',1),(3305,831,'Driver.type(\"text\")',0),(3306,832,'Quit()',0),(3307,832,'Terminate()',0),(3308,832,'Close()',1),(3309,832,'Shutdown()',0),(3310,833,'Findelementbyxpath',0),(3311,833,'Findelementsbyxpath',1),(3312,833,'Findelementbycssselector',0),(3313,833,'Option 2 and 3',0),(3314,834,'Php',0),(3315,834,'Asp',1),(3316,835,'Verifytextpresent/asserttextpresent',0),(3317,835,'Verifyelementpresent/assertelementpresent',1),(3318,835,'Verifyalertpresent/assertalertpresent',0),(3319,835,'Verifyalert/assertalert',0),(3320,836,'Id',1),(3321,836,'Xpath',0),(3322,836,'Css selector',0),(3323,836,'Name',0),(3324,837,'Webdriverwait',0),(3325,837,'Webelement',0),(3326,837,'Webdriver',0),(3327,837,'Getpagesource',0),(3328,838,'Testing improves quality in itself',0),(3329,838,'Testing ensures that the right version of code is',0),(3330,838,'Testing can be used to assess quality',1),(3331,838,'Testing shows that the software is error free',0),(3332,839,'<a name=\"\">a</a>',0),(3333,839,'<a>b</a>',0),(3334,839,'<a href=\"http://www.example.com\">example</a>',1),(3335,839,'<a url=\"http://www.example.com\">example</a>',0),(3336,840,'It is a modelling language',0),(3337,840,'It is a scripting language',0),(3338,840,'It is a partial programming language',0),(3339,840,'It is used to structure documents',1),(3340,841,'<image src=\"image.gif\" alt=\"myimage\" />',0),(3341,841,'<img href=\"image.gif\" alt=\"myimage\" />',0),(3342,841,'<img src=\"image.gif\" alt=\"myimage\" />',1),(3343,841,'<img alt=\"myimage\">image.gif',0),(3344,842,'Nan',1),(3345,842,'Nan',0),(3346,843,'True',1),(3347,843,'Nan',0),(3348,844,'Integer(value)',0),(3349,844,'Ifinteger(value)',0),(3350,844,'Isinteger(value)',1),(3351,844,'Checkinteger(value)',0),(3352,845,'Print(5)',0),(3353,845,'Console.log(5);',1),(3354,845,'Console.print(5);',0),(3355,845,'Print.console(5);',0),(3356,846,'Float',0),(3357,846,'Number',1),(3358,846,'Integer',0),(3359,846,'Double',0);
/*!40000 ALTER TABLE `answer` ENABLE KEYS */;
UNLOCK TABLES;

--
-- Table structure for table `assignexam`
--

DROP TABLE IF EXISTS `assignexam`;
/*!40101 SET @saved_cs_client     = @@character_set_client */;
/*!50503 SET character_set_client = utf8mb4 */;
CREATE TABLE `assignexam` (
  `AssignExamId` int NOT NULL AUTO_INCREMENT,
  `ExamGroupId` int DEFAULT NULL,
  `UserId` int DEFAULT NULL,
  `CreatedBy` int DEFAULT NULL,
  `CreatedDate` datetime DEFAULT NULL,
  PRIMARY KEY (`AssignExamId`)
) ENGINE=InnoDB AUTO_INCREMENT=3 DEFAULT CHARSET=utf8mb4 COLLATE=utf8mb4_0900_ai_ci COMMENT='	';
/*!40101 SET character_set_client = @saved_cs_client */;

--
-- Dumping data for table `assignexam`
--

LOCK TABLES `assignexam` WRITE;
/*!40000 ALTER TABLE `assignexam` DISABLE KEYS */;
INSERT INTO `assignexam` VALUES (1,1,9,0,'2020-12-30 10:57:06'),(2,1,11,0,'2020-12-30 10:57:06');
/*!40000 ALTER TABLE `assignexam` ENABLE KEYS */;
UNLOCK TABLES;

--
-- Table structure for table `attemptedexams`
--

DROP TABLE IF EXISTS `attemptedexams`;
/*!40101 SET @saved_cs_client     = @@character_set_client */;
/*!50503 SET character_set_client = utf8mb4 */;
CREATE TABLE `attemptedexams` (
  `AttemptedExamId` int NOT NULL AUTO_INCREMENT,
  `ExamGroupId` int DEFAULT NULL,
  `ExamId` int NOT NULL,
  `UserId` int NOT NULL,
  `TotalQuestions` int DEFAULT NULL,
  `NotAttemptedQuestions` int DEFAULT NULL,
  `AttemptedQuestions` int DEFAULT NULL,
  `MarksObtained` int DEFAULT NULL,
  `Percentage` int DEFAULT NULL,
  `Result` tinyint(1) DEFAULT NULL,
  `ExamDate` datetime DEFAULT NULL,
  `ExamStatusId` int NOT NULL,
  PRIMARY KEY (`AttemptedExamId`)
) ENGINE=InnoDB AUTO_INCREMENT=2 DEFAULT CHARSET=utf8mb4 COLLATE=utf8mb4_0900_ai_ci;
/*!40101 SET character_set_client = @saved_cs_client */;

--
-- Dumping data for table `attemptedexams`
--

LOCK TABLES `attemptedexams` WRITE;
/*!40000 ALTER TABLE `attemptedexams` DISABLE KEYS */;
INSERT INTO `attemptedexams` VALUES (1,1,2,9,50,0,50,12,24,0,'2020-12-30 11:06:08',3);
/*!40000 ALTER TABLE `attemptedexams` ENABLE KEYS */;
UNLOCK TABLES;

--
-- Table structure for table `category`
--

DROP TABLE IF EXISTS `category`;
/*!40101 SET @saved_cs_client     = @@character_set_client */;
/*!50503 SET character_set_client = utf8mb4 */;
CREATE TABLE `category` (
  `CategoryId` int NOT NULL AUTO_INCREMENT,
  `CategoryName` varchar(100) DEFAULT NULL,
  `Description` varchar(100) DEFAULT NULL,
  `Active` tinyint(1) DEFAULT NULL,
  `CreatedBy` int DEFAULT NULL,
  `CreatedDate` datetime DEFAULT NULL,
  `ModifiedBy` int DEFAULT NULL,
  `ModifiedDate` datetime DEFAULT NULL,
  PRIMARY KEY (`CategoryId`)
) ENGINE=InnoDB AUTO_INCREMENT=24 DEFAULT CHARSET=utf8mb4 COLLATE=utf8mb4_0900_ai_ci;
/*!40101 SET character_set_client = @saved_cs_client */;

--
-- Dumping data for table `category`
--

LOCK TABLES `category` WRITE;
/*!40000 ALTER TABLE `category` DISABLE KEYS */;
INSERT INTO `category` VALUES (1,'English','English',1,1,NULL,0,'2021-02-12 11:13:37'),(2,'Quant','Quant',1,1,NULL,1,NULL),(3,'Aptitude','Aptitude',1,1,NULL,1,NULL),(4,'Angular','Angular',1,1,NULL,1,NULL),(5,'CSS','CSS',1,1,NULL,1,NULL),(6,'Bigdata','Bigdata',1,1,NULL,1,NULL),(7,'C++','C++',1,1,NULL,1,NULL),(8,'C','C',1,1,NULL,1,NULL),(9,'DSA','DSA',1,1,NULL,1,NULL),(10,'DBMS','DBMS',1,1,NULL,1,NULL),(11,'HTML','HTML',1,1,NULL,1,NULL),(12,'JAVA','JAVA',1,1,NULL,1,NULL),(13,'ML','ML',1,1,NULL,1,NULL),(14,'.Net','.Net',1,1,NULL,1,NULL),(15,'Node','Node',1,1,NULL,1,NULL),(16,'Python','Python',1,1,NULL,1,NULL),(17,'React Js','React Js',1,1,NULL,1,NULL),(18,'SQL','SQL',1,1,NULL,1,NULL),(19,'Testing','Testing',1,1,NULL,1,NULL),(20,'Web Devlopment','Web Devlopment',1,1,NULL,1,NULL);
/*!40000 ALTER TABLE `category` ENABLE KEYS */;
UNLOCK TABLES;

--
-- Table structure for table `city`
--

DROP TABLE IF EXISTS `city`;
/*!40101 SET @saved_cs_client     = @@character_set_client */;
/*!50503 SET character_set_client = utf8mb4 */;
CREATE TABLE `city` (
  `CityId` int NOT NULL AUTO_INCREMENT,
  `StateId` int NOT NULL,
  `CountryId` int NOT NULL,
  `CityName` varchar(45) NOT NULL,
  `Active` tinyint(1) DEFAULT NULL,
  `CreatedBy` int DEFAULT NULL,
  `CreatedDate` datetime DEFAULT NULL,
  `ModifiedBy` int DEFAULT NULL,
  `ModifiedDate` datetime DEFAULT NULL,
  PRIMARY KEY (`CityId`)
) ENGINE=InnoDB AUTO_INCREMENT=22 DEFAULT CHARSET=utf8mb4 COLLATE=utf8mb4_0900_ai_ci;
/*!40101 SET character_set_client = @saved_cs_client */;

--
-- Dumping data for table `city`
--

LOCK TABLES `city` WRITE;
/*!40000 ALTER TABLE `city` DISABLE KEYS */;
INSERT INTO `city` VALUES (19,51,245,'Jaipur',1,0,'2020-09-02 17:48:30',0,'2021-02-11 13:39:54'),(20,51,245,'Jodhpur',1,0,'2021-02-11 13:38:21',0,NULL);
/*!40000 ALTER TABLE `city` ENABLE KEYS */;
UNLOCK TABLES;

--
-- Table structure for table `country`
--

DROP TABLE IF EXISTS `country`;
/*!40101 SET @saved_cs_client     = @@character_set_client */;
/*!50503 SET character_set_client = utf8mb4 */;
CREATE TABLE `country` (
  `CountryId` int NOT NULL AUTO_INCREMENT,
  `CountryName` varchar(45) DEFAULT NULL,
  `Status` int DEFAULT NULL,
  PRIMARY KEY (`CountryId`)
) ENGINE=InnoDB AUTO_INCREMENT=246 DEFAULT CHARSET=utf8mb4 COLLATE=utf8mb4_0900_ai_ci;
/*!40101 SET character_set_client = @saved_cs_client */;

--
-- Dumping data for table `country`
--

LOCK TABLES `country` WRITE;
/*!40000 ALTER TABLE `country` DISABLE KEYS */;
INSERT INTO `country` VALUES (245,'India',1);
/*!40000 ALTER TABLE `country` ENABLE KEYS */;
UNLOCK TABLES;

--
-- Table structure for table `difficulty_level`
--

DROP TABLE IF EXISTS `difficulty_level`;
/*!40101 SET @saved_cs_client     = @@character_set_client */;
/*!50503 SET character_set_client = utf8mb4 */;
CREATE TABLE `difficulty_level` (
  `ID` int NOT NULL AUTO_INCREMENT,
  `Level` varchar(45) DEFAULT NULL,
  `Active` tinyint(1) DEFAULT NULL,
  PRIMARY KEY (`ID`)
) ENGINE=InnoDB AUTO_INCREMENT=4 DEFAULT CHARSET=utf8mb4 COLLATE=utf8mb4_0900_ai_ci;
/*!40101 SET character_set_client = @saved_cs_client */;

--
-- Dumping data for table `difficulty_level`
--

LOCK TABLES `difficulty_level` WRITE;
/*!40000 ALTER TABLE `difficulty_level` DISABLE KEYS */;
INSERT INTO `difficulty_level` VALUES (1,'Hard',1),(2,'Medium',1),(3,'Easy',1);
/*!40000 ALTER TABLE `difficulty_level` ENABLE KEYS */;
UNLOCK TABLES;

--
-- Table structure for table `exam_group`
--

DROP TABLE IF EXISTS `exam_group`;
/*!40101 SET @saved_cs_client     = @@character_set_client */;
/*!50503 SET character_set_client = utf8mb4 */;
CREATE TABLE `exam_group` (
  `ExamGroupId` int NOT NULL AUTO_INCREMENT,
  `ExamDate` datetime DEFAULT NULL,
  `ExamId` int DEFAULT NULL,
  `CreatedDate` datetime DEFAULT CURRENT_TIMESTAMP,
  PRIMARY KEY (`ExamGroupId`)
) ENGINE=InnoDB AUTO_INCREMENT=2 DEFAULT CHARSET=utf8mb4 COLLATE=utf8mb4_0900_ai_ci;
/*!40101 SET character_set_client = @saved_cs_client */;

--
-- Dumping data for table `exam_group`
--

LOCK TABLES `exam_group` WRITE;
/*!40000 ALTER TABLE `exam_group` DISABLE KEYS */;
INSERT INTO `exam_group` VALUES (1,'2020-12-30 10:00:00',2,'2020-12-30 10:57:05');
/*!40000 ALTER TABLE `exam_group` ENABLE KEYS */;
UNLOCK TABLES;

--
-- Table structure for table `exam_status`
--

DROP TABLE IF EXISTS `exam_status`;
/*!40101 SET @saved_cs_client     = @@character_set_client */;
/*!50503 SET character_set_client = utf8mb4 */;
CREATE TABLE `exam_status` (
  `StatusId` int NOT NULL AUTO_INCREMENT,
  `Status` varchar(45) DEFAULT NULL,
  `DisplayText` varchar(45) DEFAULT NULL,
  `Active` tinyint(1) DEFAULT NULL,
  PRIMARY KEY (`StatusId`)
) ENGINE=InnoDB AUTO_INCREMENT=4 DEFAULT CHARSET=utf8mb4 COLLATE=utf8mb4_0900_ai_ci;
/*!40101 SET character_set_client = @saved_cs_client */;

--
-- Dumping data for table `exam_status`
--

LOCK TABLES `exam_status` WRITE;
/*!40000 ALTER TABLE `exam_status` DISABLE KEYS */;
INSERT INTO `exam_status` VALUES (1,'Not Started','Start Exam',1),(2,'Running','Restart',1),(3,'Finish','View',1);
/*!40000 ALTER TABLE `exam_status` ENABLE KEYS */;
UNLOCK TABLES;

--
-- Table structure for table `exams`
--

DROP TABLE IF EXISTS `exams`;
/*!40101 SET @saved_cs_client     = @@character_set_client */;
/*!50503 SET character_set_client = utf8mb4 */;
CREATE TABLE `exams` (
  `ExamId` int NOT NULL AUTO_INCREMENT,
  `Title` varchar(45) DEFAULT NULL,
  `Description` varchar(500) DEFAULT NULL,
  `CategoryId` varchar(500) DEFAULT NULL,
  `SkillId` varchar(500) DEFAULT NULL,
  `QuestionIds` varchar(1000) DEFAULT NULL,
  `Duration` int DEFAULT NULL,
  `TotalMarks` int DEFAULT NULL,
  `PassMarks` int DEFAULT NULL,
  `Active` tinyint(1) DEFAULT NULL,
  `CreatedBy` int DEFAULT NULL,
  `CreatedDate` datetime DEFAULT NULL,
  `ModifiedBy` int DEFAULT NULL,
  `ModifiedDate` datetime DEFAULT NULL,
  `HardPercentage` int DEFAULT NULL,
  `MediumPercentage` int DEFAULT NULL,
  `EasyPercentage` int DEFAULT NULL,
  PRIMARY KEY (`ExamId`)
) ENGINE=InnoDB AUTO_INCREMENT=3 DEFAULT CHARSET=utf8mb4 COLLATE=utf8mb4_0900_ai_ci;
/*!40101 SET character_set_client = @saved_cs_client */;

--
-- Dumping data for table `exams`
--

LOCK TABLES `exams` WRITE;
/*!40000 ALTER TABLE `exams` DISABLE KEYS */;
INSERT INTO `exams` VALUES (2,'Apptitude Exam','Easy Exam','3','16,17,18,19,20,15,21,22,23,24,25,5','',30,50,40,0,0,'2020-12-30 10:55:21',0,'2021-02-05 10:53:52',10,10,80);
/*!40000 ALTER TABLE `exams` ENABLE KEYS */;
UNLOCK TABLES;

--
-- Table structure for table `include_marks`
--

DROP TABLE IF EXISTS `include_marks`;
/*!40101 SET @saved_cs_client     = @@character_set_client */;
/*!50503 SET character_set_client = utf8mb4 */;
CREATE TABLE `include_marks` (
  `Id` int NOT NULL AUTO_INCREMENT,
  `ExamId` int NOT NULL,
  `MarksNo` int NOT NULL,
  `MarksCount` int NOT NULL,
  `HardQuestionCount` int DEFAULT NULL,
  `MediumQuestionCount` int DEFAULT NULL,
  `EasyQuestionCount` int DEFAULT NULL,
  PRIMARY KEY (`Id`)
) ENGINE=InnoDB AUTO_INCREMENT=11 DEFAULT CHARSET=utf8mb4 COLLATE=utf8mb4_0900_ai_ci;
/*!40101 SET character_set_client = @saved_cs_client */;

--
-- Dumping data for table `include_marks`
--

LOCK TABLES `include_marks` WRITE;
/*!40000 ALTER TABLE `include_marks` DISABLE KEYS */;
INSERT INTO `include_marks` VALUES (10,2,1,50,5,5,40);
/*!40000 ALTER TABLE `include_marks` ENABLE KEYS */;
UNLOCK TABLES;

--
-- Table structure for table `question`
--

DROP TABLE IF EXISTS `question`;
/*!40101 SET @saved_cs_client     = @@character_set_client */;
/*!50503 SET character_set_client = utf8mb4 */;
CREATE TABLE `question` (
  `QuestionId` int NOT NULL AUTO_INCREMENT,
  `CategoryId` int NOT NULL,
  `SkillId` int NOT NULL,
  `QuestionText` varchar(3000) DEFAULT NULL,
  `Marks` int DEFAULT NULL,
  `QuestionType` varchar(45) DEFAULT NULL,
  `TotalOptions` int DEFAULT NULL,
  `IsMultiAnswer` tinyint(1) DEFAULT NULL,
  `Active` tinyint(1) DEFAULT NULL,
  `CreatedBy` int DEFAULT NULL,
  `CreatedDate` datetime DEFAULT NULL,
  `ModifiedBy` int DEFAULT NULL,
  `ModifiedDate` datetime DEFAULT NULL,
  `DifficultyLevelID` int DEFAULT NULL,
  PRIMARY KEY (`QuestionId`)
) ENGINE=InnoDB AUTO_INCREMENT=847 DEFAULT CHARSET=utf8mb4 COLLATE=utf8mb4_0900_ai_ci;
/*!40101 SET character_set_client = @saved_cs_client */;

--
-- Dumping data for table `question`
--

LOCK TABLES `question` WRITE;
/*!40000 ALTER TABLE `question` DISABLE KEYS */;
INSERT INTO `question` VALUES (1,1,1,'Select the option that is most nearly opposite in meaning to the given word . : sagacious (opposite)',1,'single choice',4,0,1,1,NULL,NULL,NULL,1),(2,1,1,'Select the option that is most nearly opposite in meaning to the given word . : transient',1,'single choice',4,0,1,1,NULL,NULL,NULL,2),(3,1,1,'Select the option that is most nearly opposite in meaning to the given word . : ignoble',1,'single choice',4,0,1,1,NULL,NULL,NULL,2),(4,1,1,'Select the option that is most nearly opposite in meaning to the given word . : nefarious',1,'single choice',4,0,1,1,NULL,NULL,NULL,1),(5,1,1,'Select the option that is most nearly opposite in meaning to the given word . : chaffing',1,'single choice',4,0,1,1,NULL,NULL,NULL,1),(6,1,1,'Select the option that is most nearly opposite in meaning to the given word . : cozen',1,'single choice',4,0,1,1,NULL,NULL,NULL,1),(7,1,1,'Select the option that is most nearly opposite in meaning to the given word . : dilatory',1,'single choice',4,0,1,1,NULL,NULL,NULL,1),(8,1,1,'Select the option that is most nearly opposite in meaning to the given word . : grisly',1,'single choice',4,0,1,1,NULL,NULL,NULL,1),(9,1,1,'Select the option that is most nearly opposite in meaning to the given word . : irreverent',1,'single choice',4,0,1,1,NULL,NULL,NULL,1),(10,1,1,'Select the option that is most nearly opposite in meaning to the given word . : jaunty',1,'single choice',4,0,1,1,NULL,NULL,NULL,1),(11,1,1,'Select the option that is most nearly opposite in meaning to the given word . : levity',1,'single choice',4,0,1,1,NULL,NULL,NULL,2),(12,1,1,'Select the option that is most nearly opposite in meaning to the given word . : unseemly',1,'single choice',4,0,1,1,NULL,NULL,NULL,2),(13,1,1,'Select the option that is most nearly opposite in meaning to the given word . : affable',1,'single choice',4,0,1,1,NULL,NULL,NULL,1),(14,1,1,'Select the option that is most nearly opposite in meaning to the given word . : blasé',1,'single choice',4,0,1,1,NULL,NULL,NULL,1),(15,1,1,'Select the option that is most nearly opposite in meaning to the given word . : equilibrium',1,'single choice',4,0,1,1,NULL,NULL,NULL,3),(16,1,1,'Select the option that is most nearly opposite in meaning to the given word . : extrovert',1,'single choice',4,0,1,1,NULL,NULL,NULL,3),(17,1,1,'Select the option that is most nearly opposite in meaning to the given word . : pert',1,'single choice',4,0,1,1,NULL,NULL,NULL,2),(18,1,1,'Select the option that is most nearly opposite in meaning to the given word . : ruddy',1,'single choice',4,0,1,1,NULL,NULL,NULL,2),(19,1,1,'Select the option that is most nearly opposite in meaning to the given word . : minor',1,'single choice',4,0,1,1,NULL,NULL,NULL,3),(20,1,1,'Select the option that is most nearly opposite in meaning to the given word . : provocation',1,'single choice',4,0,1,1,NULL,NULL,NULL,2),(21,1,1,'Select the option that is most nearly opposite in meaning to the given word . : quiescent',1,'single choice',4,0,1,1,NULL,NULL,NULL,1),(22,1,1,'Select the option that is most nearly opposite in meaning to the given word . : victorious',1,'single choice',4,0,1,1,NULL,NULL,NULL,3),(23,1,1,'Select the option that is most nearly opposite in meaning to the given word . : niggardly',1,'single choice',4,0,1,1,NULL,NULL,NULL,1),(24,1,1,'Select the option that is most nearly opposite in meaning to the given word . : frugal',1,'single choice',4,0,1,1,NULL,NULL,NULL,2),(25,1,1,'Select the option that is most nearly opposite in meaning to the given word . : subservient',1,'single choice',4,0,1,1,NULL,NULL,NULL,2),(26,1,1,'Select the option that is most nearly opposite in meaning to the given word . : valuable',1,'single choice',4,0,1,1,NULL,NULL,NULL,3),(27,1,1,'Select the option that is most nearly opposite in meaning to the given word . : impasse',1,'single choice',4,0,1,1,NULL,NULL,NULL,1),(28,1,1,'Select the option that is most nearly opposite in meaning to the given word . : like poverty, affluence can sometimes create its own problems.',1,'single choice',4,0,1,1,NULL,NULL,NULL,1),(29,1,1,'Select the option that is most nearly opposite in meaning to the given word . : i abhor the ideas he sometimes expresses',1,'single choice',4,0,1,1,NULL,NULL,NULL,1),(30,1,1,'Select the word or phrase which best expresses the meaning of the given word. : voracious',1,'single choice',4,0,1,1,NULL,NULL,NULL,1),(31,1,1,'Select the word or phrase which best expresses the meaning of the given word. : timid',1,'single choice',4,0,1,1,NULL,NULL,NULL,2),(32,1,1,'Select the word or phrase which best expresses the meaning of the given word. : ironic',1,'single choice',4,0,1,1,NULL,NULL,NULL,2),(33,1,1,'Select the word or phrase which best expresses the meaning of the given word. : correspondence',1,'single choice',4,0,1,1,NULL,NULL,NULL,3),(34,1,1,'Select the word or phrase which best expresses the meaning of the given word. : distant',1,'single choice',4,0,1,1,NULL,NULL,NULL,3),(35,1,1,'Select the word or phrase which best expresses the meaning of the given word. : lament',1,'single choice',4,0,1,1,NULL,NULL,NULL,1),(36,1,1,'Select the word or phrase which best expresses the meaning of the given word. : wretched',1,'single choice',4,0,1,1,NULL,NULL,NULL,2),(37,1,1,'Select the word or phrase which best expresses the meaning of the given word. : restraint',1,'single choice',4,0,1,1,NULL,NULL,NULL,2),(38,1,1,'Select the word or phrase which best expresses the meaning of the given word. : mendacious',1,'single choice',4,0,1,1,NULL,NULL,NULL,1),(39,1,1,'Select the word or phrase which best expresses the meaning of the given word. : admonish',1,'single choice',4,0,1,1,NULL,NULL,NULL,1),(40,1,1,'Select the word or phrase which best expresses the meaning of the given word. : corpulent',1,'single choice',4,0,1,1,NULL,NULL,NULL,1),(41,1,1,'Select the word or phrase which best expresses the meaning of the given word. : gratify',1,'single choice',4,0,1,1,NULL,NULL,NULL,2),(42,1,1,'Select the word or phrase which best expresses the meaning of the given word. : reckless',1,'single choice',4,0,1,1,NULL,NULL,NULL,2),(43,1,1,'Select the word or phrase which best expresses the meaning of the given word. : vent',1,'single choice',4,0,1,1,NULL,NULL,NULL,2),(44,1,1,'Select the word or phrase which best expresses the meaning of the given word. : facile',1,'single choice',4,0,1,1,NULL,NULL,NULL,1),(45,1,1,'Select the word or phrase which best expresses the meaning of the given word. : approbation',1,'single choice',4,0,1,1,NULL,NULL,NULL,1),(46,1,1,'Select the word or phrase which best expresses the meaning of the given word. : aspersion',1,'single choice',4,0,1,1,NULL,NULL,NULL,1),(47,1,1,'Select the word or phrase which best expresses the meaning of the given word. : boorish',1,'single choice',4,0,1,1,NULL,NULL,NULL,2),(48,1,1,'Select the word or phrase which best expresses the meaning of the given word. : blithe',1,'single choice',4,0,1,1,NULL,NULL,NULL,1),(49,1,1,'Select the word or phrase which best expresses the meaning of the given word. : credulity',1,'single choice',4,0,1,1,NULL,NULL,NULL,2),(50,1,1,'Select the word or phrase which best expresses the meaning of the given word. : deluge',1,'single choice',4,0,1,1,NULL,NULL,NULL,1),(51,1,1,'Select the word or phrase which best expresses the meaning of the given word. : discourse',1,'single choice',4,0,1,1,NULL,NULL,NULL,2),(52,1,1,'Select the word or phrase which best expresses the meaning of the given word. : disparate',1,'single choice',4,0,1,1,NULL,NULL,NULL,2),(53,1,1,'Select the word or phrase which best expresses the meaning of the given word. : entice',1,'single choice',4,0,1,1,NULL,NULL,NULL,1),(54,1,1,'Select the option that is most nearly opposite in meaning to the given word . : they had an insipid conversation',1,'single choice',4,0,1,1,NULL,NULL,NULL,1),(55,1,1,'Select the option that is most nearly opposite in meaning to the given word . : ram displays enthusiasm whenever he is posed with a problem',1,'single choice',4,0,1,1,NULL,NULL,NULL,1),(56,1,1,'Select the option that is most nearly opposite in meaning to the given word . : the incessant noise of the boring machine made it difficult for us to go to sleep at night',1,'single choice',4,0,1,1,NULL,NULL,NULL,1),(57,1,1,'Select the option that is most nearly opposite in meaning to the given word . : the leader was pragmatic in her approach to the problem facing the country',1,'single choice',4,0,1,1,NULL,NULL,NULL,1),(58,1,1,'Select the option that is most nearly opposite in meaning to the given word . : she used to disparage her neighbour every now and then',1,'single choice',4,0,1,1,NULL,NULL,NULL,1),(59,1,1,'Select the option that is most nearly opposite in meaning to the given word . : protract',1,'single choice',4,0,1,1,NULL,NULL,NULL,1),(60,2,2,'In 2003 there are 28 days in february and 365 days in a year in 2004 there are 29 days in february and 366 days in the year. if the date march 11 2003 is tuesday, then which one of the following would the date march 11 2004 would be?',1,'single choice',4,0,1,1,NULL,NULL,NULL,1),(61,2,3,'How many positive integers less than 500 can be formed using the numbers 1,2,3,and 5 for digits, each digit being used only once.',1,'single choice',4,0,1,1,NULL,NULL,NULL,1),(62,2,4,'A circular swimming pool is surrounded by a concrete wall 4 feet wide.if the area of the wall is 11/25 of the area of the pool, then the radius of the pool in feet is?',1,'single choice',4,0,1,1,NULL,NULL,NULL,1),(63,2,5,'A survey of n people in the town of badaville found that 50% of them prefer brand a. another survey of 100 people in the town of chottaville found that 60% prefer brand a.in total 55% of all the people surveyed together prefer brand a.what is the total number of people surveyed?',1,'single choice',4,0,1,1,NULL,NULL,NULL,2),(64,2,6,'In the simple subtraction problem below some single digits are replaced by letters .fined the value of 7a+5d+6cd?\n  a5c5\n  -1b87\n ———-\n  674d',1,'single choice',4,0,1,1,NULL,NULL,NULL,1),(65,2,4,'Two full tanks one shaped like the cylinder and the other like a cone contain liquid fuel the cylindrical tank held 500 lts more then the conical tank after 200 lts of fuel is pumped out from each tank the cylindrical tank now contains twice the amount of fuel in the canonical tank how many lts of fuel did the cylindrical tank have when it was full?',1,'single choice',4,0,1,1,NULL,NULL,NULL,1),(66,2,7,'A shop sells chocolates it is used to sell chocolates for rs.2 each but there were no sales at that price. when it reduced the price all the chocolates sold out enabling the shopkeeper to realize rs 164.90 from the chocolates alone if the new price was not less than half the original price quoted how many chocolates were sold?',1,'single choice',4,0,1,1,NULL,NULL,NULL,1),(67,2,8,'Eesha bought two varities of rice costing 50rs per kg and 60 rs per kg and mixed them in some ratio.then she sold that mixture at 70 rs per kg making a profit of 20 % what was the ratio of the micxture?',1,'single choice',4,0,1,1,NULL,NULL,NULL,1),(68,2,9,'If f(1)=4 and f(x+y)=f(x)+f(y)+7xy+4,then f(2)+f(5)=?',1,'single choice',4,0,1,1,NULL,NULL,NULL,1),(69,2,10,'Three numbers are in ratio 1:2:3 and hcf is 12. the numbers are',1,'single choice',4,0,1,1,NULL,NULL,NULL,2),(70,2,10,'A number divided by 84 leaves remainder 57 what is the remainder when same number divided by 12?',1,'single choice',4,0,1,1,NULL,NULL,NULL,2),(71,2,10,'Find the least number which will leaves remainder 5 when divided by 8, 12, 16 and 20?',1,'single choice',4,0,1,1,NULL,NULL,NULL,2),(72,2,10,'What is the remainder when (100!)^100 is divided by 23',1,'single choice',4,0,1,1,NULL,NULL,NULL,2),(73,2,11,'The hcf of two numbers, each having three digits, is 17 and their lcm is 714. the sum of the numbers will be?',1,'single choice',4,0,1,1,NULL,NULL,NULL,1),(74,2,10,'The 9 times of the two digit number is equal to 2 times of that reverse number.the sum of that number is 9',1,'single choice',4,0,1,1,NULL,NULL,NULL,3),(75,2,10,'Two alarm clocks ring their alarms at regular intervals of 50 seconds and 48 seconds. if they first beep together at 12 noon, at what time will they beep again for first time?',1,'single choice',4,0,1,1,NULL,NULL,NULL,2),(76,2,10,'A forester wants to plant 44 apples tree, 66 banana trees and 110 mango trees in equal rows (in terms of number of trees). also, he wants to make distinct rows of tree (i.e. only one type of tree in one row). the number of rows (minimum) that required is?',1,'single choice',4,0,1,1,NULL,NULL,NULL,2),(77,2,12,'A train running at the speed of 60 km/hr crosses a pole in 9 seconds. what is the length of the train?',1,'single choice',4,0,1,1,NULL,NULL,NULL,2),(78,2,12,'A train 125 m long passes a man, running at 5 km/hr in the same direction in which the train is going, in 10 seconds. the speed of the train is:',1,'single choice',4,0,1,1,NULL,NULL,NULL,2),(79,2,12,'The length of the bridge, which a train 130 metres long and travelling at 45 km/hr can cross in 30 seconds, is:',1,'single choice',4,0,1,1,NULL,NULL,NULL,2),(80,2,12,'A train passes a station platform in 36 seconds and a man standing on the platform in 20 seconds. if the speed of the train is 54 km/hr, what is the length of the platform?',1,'single choice',4,0,1,1,NULL,NULL,NULL,2),(81,2,12,'A train 240 m long passes a pole in 24 seconds. how long will it take to pass a platform 650 m long?',1,'single choice',4,0,1,1,NULL,NULL,NULL,2),(82,2,12,'Two trains of equal length are running on parallel lines in the same direction at 46 km/hr and 36 km/hr. the faster train passes the slower train in 36 seconds. the length of each train is:',1,'single choice',4,0,1,1,NULL,NULL,NULL,2),(83,2,12,'A train 360 m long is running at a speed of 45 km/hr. in what time will it pass a bridge 140 m long?',1,'single choice',4,0,1,1,NULL,NULL,NULL,2),(84,2,12,'Two trains are moving in opposite directions @ 60 km/hr and 90 km/hr. their lengths are 1.10 km and 0.9 km respectively. the time taken by the slower train to cross the faster train in seconds is:',1,'single choice',4,0,1,1,NULL,NULL,NULL,2),(85,2,12,'A jogger running at 9 kmph alongside a railway track in 240 metres ahead of the engine of a 120 metres long train running at 45 kmph in the same direction. in how much time will the train pass the jogger?',1,'single choice',4,0,1,1,NULL,NULL,NULL,2),(86,2,12,'A 270 metres long train running at the speed of 120 kmph crosses another train running in opposite direction at the speed of 80 kmph in 9 seconds. what is the length of the other train?',1,'single choice',4,0,1,1,NULL,NULL,NULL,2),(87,2,12,'A goods train runs at the speed of 72 kmph and crosses a 250 m long platform in 26 seconds. what is the length of the goods train?',1,'single choice',4,0,1,1,NULL,NULL,NULL,2),(88,2,12,'Two trains, each 100 m long, moving in opposite directions, cross each other in 8 seconds. if one is moving twice as fast the other, then the speed of the faster train is:',1,'single choice',4,0,1,1,NULL,NULL,NULL,2),(89,2,12,'Two trains 140 m and 160 m long run at the speed of 60 km/hr and 40 km/hr respectively in opposite directions on parallel tracks. the time (in seconds) which they take to cross each other, is',1,'single choice',4,0,1,1,NULL,NULL,NULL,2),(90,2,12,'A train 110 metres long is running with a speed of 60 kmph. in what time will it pass a man who is running at 6 kmph in the direction opposite to that in which the train is going?',1,'single choice',4,0,1,1,NULL,NULL,NULL,2),(91,2,13,'Two ships are sailing in the sea on the two sides of a lighthouse. the angle of elevation of the top of the lighthouse is observed from the ships are 30° and 45° respectively. if the lighthouse is 100 m high, the distance between the two ships is',1,'single choice',4,0,1,1,NULL,NULL,NULL,2),(92,2,13,'A man standing at a point p is watching the top of a tower, which makes an angle of elevation of 30° with the man\'s eye. the man walks some distance towards the tower to watch its top and the angle of the elevation becomes 60°. what is the distance between the base of the tower and the point p?',1,'single choice',4,0,1,1,NULL,NULL,NULL,1),(93,2,13,'The angle of elevation of a ladder leaning against a wall is 60° and the foot of the ladder is 4.6 m away from the wall. the length of the ladder is',1,'single choice',4,0,1,1,NULL,NULL,NULL,2),(94,2,13,'From a point p on a level ground, the angle of elevation of the top tower is 30°. if the tower is 100 m high, the distance of point p from the foot of the tower is',1,'single choice',4,0,1,1,NULL,NULL,NULL,2),(95,2,14,'A sum of money at simple interest amounts to rs. 815 in 3 years and to rs. 854 in 4 years. the sum is:',1,'single choice',4,0,1,1,NULL,NULL,NULL,3),(96,2,14,'Mr. thomas invested an amount of rs. 13,900 divided in two different schemes a and b at the simple interest rate of 14% p.a. and 11% p.a. respectively. if the total amount of simple interest earned in 2 years be rs. 3508, what was the amount invested in scheme b?',1,'single choice',4,0,1,1,NULL,NULL,NULL,2),(97,2,14,'A sum fetched a total simple interest of rs. 4016.25 at the rate of 9 p.c.p.a. in 5 years. what is the sum',1,'single choice',4,0,1,1,NULL,NULL,NULL,2),(98,2,14,'How much time will it take for an amount of rs. 450 to yield rs. 81 as interest at 4.5% per annum of simple interest?',1,'single choice',4,0,1,1,NULL,NULL,NULL,2),(99,2,14,'Reena took a loan of rs. 1200 with simple interest for as many years as the rate of interest. if she paid rs. 432 as interest at the end of the loan period, what was the rate of interest?',1,'single choice',4,0,1,1,NULL,NULL,NULL,2),(100,2,14,'A sum of rs. 12,500 amounts to rs. 15,500 in 4 years at the rate of simple interest. what is the rate of interest?',1,'single choice',4,0,1,1,NULL,NULL,NULL,2),(101,2,14,'An automobile financier claims to be lending money at simple interest, but he includes the interest every six months for calculating the principal. if he is charging an interest of 10%, the effective rate of interest becomes',1,'single choice',4,0,1,1,NULL,NULL,NULL,2),(102,2,14,'A lent rs. 5000 to b for 2 years and rs. 3000 to c for 4 years on simple interest at the same rate of interest and received rs. 2200 in all from both of them as interest. the rate of interest per annum is:',1,'single choice',4,0,1,1,NULL,NULL,NULL,2),(103,2,14,'A sum of rs. 725 is lent in the beginning of a year at a certain rate of interest. after 8 months, a sum of rs. 362.50 more is lent but at the rate twice the former. at the end of the year, rs. 33.50 is earned as interest from both the loans. what was the original rate of interest?',1,'single choice',4,0,1,1,NULL,NULL,NULL,1),(104,2,14,'A man took loan from a bank at the rate of 12% p.a. simple interest. after 3 years he had to pay rs. 5400 interest only for the period. the principal amount borrowed by him was',1,'single choice',4,0,1,1,NULL,NULL,NULL,2),(105,2,14,'A sum of money amounts to rs. 9800 after 5 years and rs. 12005 after 8 years at the same rate of simple interest. the rate of interest per annum is:',1,'single choice',4,0,1,1,NULL,NULL,NULL,2),(106,2,14,'What will be the ratio of simple interest earned by certain amount at the same rate of interest for 6 years and that for 9 years?',1,'single choice',4,0,1,1,NULL,NULL,NULL,2),(107,2,14,'A certain amount earns simple interest of rs. 1750 after 7 years. had the interest been 2% more, how much more interest would it have earned?',1,'single choice',4,0,1,1,NULL,NULL,NULL,2),(108,2,14,'A person borrows rs. 5000 for 2 years at 4% p.a. simple interest. he immediately lends it to another person at 6% p.a for 2 years. find his gain in the transaction per year.',1,'single choice',4,0,1,1,NULL,NULL,NULL,2),(109,2,15,'Alfred buys an old scooter for rs. 4700 and spends rs. 800 on its repairs. if he sells the scooter for rs. 5800, his gain percent is:',1,'single choice',4,0,1,1,NULL,NULL,NULL,2),(110,2,15,'The cost price of 20 articles is the same as the selling price of x articles. if the profit is 25%, then the value of x is:',1,'single choice',4,0,1,1,NULL,NULL,NULL,2),(111,2,15,'In a certain store, the profit is 320% of the cost. if the cost increases by 25% but the selling price remains constant, approximately what percentage of the selling price is the profit?',1,'single choice',4,0,1,1,NULL,NULL,NULL,2),(112,2,15,'A vendor bought toffees at 6 for a rupee. how many for a rupee must he sell to gain 20%?',1,'single choice',4,0,1,1,NULL,NULL,NULL,2),(113,3,16,'The product of three consecutive even numbers is 4032. the product of the first and the third number is 252. what is five times the second number?',1,'single choice',4,0,1,1,NULL,NULL,NULL,3),(114,3,16,'The digit in the unit’s place of a three digit number is thrice the digit in the ten’s place and the digit in the hundred’s place is two-third of the digit in the ten’s place. if the sum of the three digits of the number is 14, what is the three digit number?',1,'single choice',4,0,1,1,NULL,NULL,NULL,3),(115,3,16,'Two-third of the first number is equal to the cube of the second number. if the second number is equal to twelve percent of 50, what is the sum of the first and the second number?',1,'single choice',4,0,1,1,NULL,NULL,NULL,2),(116,3,16,'The sum of the digits of a two digit number is 15 and the difference between the two digits of the two digit number is 3. what is the product of the two digits of the two-digit number',1,'single choice',4,0,1,1,NULL,NULL,NULL,2),(117,3,16,'The sum of six consecutive even numbers of set-a is 402. what is the sum of another set-b of four consecutive numbers whose lowest number is 15 less than double the lowest number of set-a?',1,'single choice',4,0,1,1,NULL,NULL,NULL,1),(118,3,16,'The difference between the sum of four consecutive odd numbers and three consecutive even numbers together is 20. also, the largest even number is 5 more than the largest odd number. what is the sum of the smallest odd number and the smallest even number?',1,'single choice',4,0,1,1,NULL,NULL,NULL,2),(119,3,16,'Sum of two numbers is equal to sum of square of 11 and cube of 9. larger number is (5)2 less than square of 25. what is the value of the sum of twice of 24 percent of the smaller number and half of the larger number?',1,'single choice',4,0,1,1,NULL,NULL,NULL,2),(120,3,16,'If the numerator of a fraction is increased by 150% and the denominator of the fraction is in- creased by 350%, the resultant fraction is 25 51 , what is the original fraction?',1,'single choice',4,0,1,1,NULL,NULL,NULL,2),(121,3,16,'The sum of three consecutive odd numbers and three consecutive even numbers together is 231. also, the smallest odd number is 11 less than the smallest even number. what is the sum of the largest odd number and the largest even number?',1,'single choice',4,0,1,1,NULL,NULL,NULL,2),(122,3,16,'The sum of the squares of two consecutive even numbers is 6500. which is the smaller number?',1,'single choice',4,0,1,1,NULL,NULL,NULL,2),(123,3,16,'The product of two successive numbers is 4032. which is the greater of the two numbers?',1,'single choice',4,0,1,1,NULL,NULL,NULL,2),(124,3,16,'The sum of five consecutive number is 270. what is the sum of the second and the fifth number?',1,'single choice',4,0,1,1,NULL,NULL,NULL,2),(125,3,16,'The sum of five consecutive even numbers of set-a is 220. what is the sum of a different set of five consecutive numbers whose second lowest number is 37 less than double of the lowest number of set -',1,'single choice',4,0,1,1,NULL,NULL,NULL,1),(126,3,16,'What is the least number to be subtracted from 945 to make it a perfect square?',1,'single choice',4,0,1,1,NULL,NULL,NULL,2),(127,3,16,'If the numerator of a fraction is increased by 200% and the denominator of the fraction is increased by 250%, the resultant fractions is 3 14 . what is the original fraction?',1,'single choice',4,0,1,1,NULL,NULL,NULL,2),(128,3,16,'The sum of five consecutive even numbers of set - a is 280. what is the sum of different set of five consecutive numbers whose lowest number is 71 less than double the lowest number of set—a?',1,'single choice',4,0,1,1,NULL,NULL,NULL,1),(129,3,16,'What is the least number that can be added to the number 1020 to make it a perfect square?',1,'single choice',4,0,1,1,NULL,NULL,NULL,2),(130,3,16,'If the numerator of a fraction is increased by 150% and the denominator of the fraction is increased by 300%, the resultant fraction is 5 18 . what is the original fraction?',1,'single choice',4,0,1,1,NULL,NULL,NULL,2),(131,3,16,'He difference between the sum of four consecutive odd numbers and three consecutive even numbers together is 20. also, the largest even number is 5 more than the largest odd number. what is the sum of the smallest odd number and the smallest even number?',1,'single choice',4,0,1,1,NULL,NULL,NULL,2),(132,3,16,'Sum of square of first number and cube of second number together is 568. also square of the second number is 15 less than square of 8. what is the value of three-filth of the first number? (assuming both the numbers are positive)',1,'single choice',4,0,1,1,NULL,NULL,NULL,2),(133,3,16,'The sum of nine consecutive odd numbers of set-a is 621. what is the sum of different set of six consecutive even numbers whose lowest number is 15 more than the lowest number of set-a?',1,'single choice',4,0,1,1,NULL,NULL,NULL,2),(134,3,17,'What will come in place of the question mark (?) in the following question? (?) 4 5 36 = 9 (?) 1 5',1,'single choice',4,0,1,1,NULL,NULL,NULL,2),(135,3,17,'If a’s salary is rs. 10,000 less than b’s salary, b’s salary is 15,000 less than c’s salary and the sum of a. b and c’s salary is rs. 65,000, find the salary of a.',1,'single choice',4,0,1,1,NULL,NULL,NULL,2),(136,3,17,'1767 =?× 57',1,'single choice',4,0,1,1,NULL,NULL,NULL,2),(137,3,17,'361×250+50=25×?',1,'single choice',4,0,1,1,NULL,NULL,NULL,2),(138,3,17,'1 4 ×5620 - 2 5 ×? = 373',1,'single choice',4,0,1,1,NULL,NULL,NULL,2),(139,3,17,'(?)3 ÷ 32 = 54',1,'single choice',4,0,1,1,NULL,NULL,NULL,2),(140,3,17,'36% of 365 + ?% of 56.2 =156.69',1,'single choice',4,0,1,1,NULL,NULL,NULL,2),(141,3,17,'√2916 × √?= 2268',1,'single choice',4,0,1,1,NULL,NULL,NULL,1),(142,3,17,'14%of 250×?%150=840',1,'single choice',4,0,1,1,NULL,NULL,NULL,2),(143,3,17,'(?)3 =729',1,'single choice',4,0,1,1,NULL,NULL,NULL,3),(144,3,17,'40% of 265 + 35% of 180 = 50%of?',1,'single choice',4,0,1,1,NULL,NULL,NULL,3),(145,3,17,'460× 15 – 5×20=?',1,'single choice',4,0,1,1,NULL,NULL,NULL,3),(146,3,17,'5163 - 4018 + 3209 =?',1,'single choice',4,0,1,1,NULL,NULL,NULL,3),(147,3,17,'4 1 5 × 3 1 3 +?= 20% of 120',1,'single choice',4,0,1,1,NULL,NULL,NULL,3),(148,3,17,'4848 ÷ 24 × 11 – 222=?',1,'single choice',4,0,1,1,NULL,NULL,NULL,3),(149,3,17,'32% of 150 × 53% of? = 7632',1,'single choice',4,0,1,1,NULL,NULL,NULL,3),(150,3,17,'7960+ 2956 – 8050+4028=?',1,'single choice',4,0,1,1,NULL,NULL,NULL,3),(151,3,17,'25 × 3.25 + 50.4 + 24 =?',1,'single choice',4,0,1,1,NULL,NULL,NULL,3),(152,3,17,'350% of? + 50 + 248 = 591',1,'single choice',4,0,1,1,NULL,NULL,NULL,3),(153,3,17,'1 2 of 3842+ 15%of?= 2449',1,'single choice',4,0,1,1,NULL,NULL,NULL,3),(154,3,17,'(833.25 - 384.45) + 24 =?',1,'single choice',4,0,1,1,NULL,NULL,NULL,3),(155,3,17,'√360 −225 × 2 + 379= ?',1,'single choice',4,0,1,1,NULL,NULL,NULL,3),(156,3,17,'9 3 × 812 + 273 = (3)?',1,'single choice',4,0,1,1,NULL,NULL,NULL,3),(157,3,17,'572 + 26 × 12 - 200 = (2)?',1,'single choice',4,0,1,1,NULL,NULL,NULL,3),(158,3,17,'4 1 2 - 2 5 6 = ?-1 7 12',1,'single choice',4,0,1,1,NULL,NULL,NULL,3),(159,3,17,'36% of 245 - 40% of 210= 10 - ?',1,'single choice',4,0,1,1,NULL,NULL,NULL,3),(160,3,17,'36% of 420 - 56% of 350= ?-94',1,'single choice',4,0,1,1,NULL,NULL,NULL,3),(161,3,17,'2 3 or1 2 5 of 75% of 540=?',1,'single choice',4,0,1,1,NULL,NULL,NULL,3),(162,3,17,'(√9) 3 × (√81) 5 ÷ (27) 2 = (3) (?)',1,'single choice',4,0,1,1,NULL,NULL,NULL,2),(163,3,17,'36 × 15 - 56 × 784 + 112=?',1,'single choice',4,0,1,1,NULL,NULL,NULL,3),(164,3,17,'28.314-31.427+ 113,928=?+ 29.114',1,'single choice',4,0,1,1,NULL,NULL,NULL,3),(165,3,17,'If a number is subtracted by two- third of 75 per cent of 600. the value so obtained is 320. what is the number?',1,'single choice',4,0,1,1,NULL,NULL,NULL,2),(166,3,18,'The ratio of the number of students studying in school a, b and c is 5 : 8 : 4 respectively. if the number of students studying in each of the school is increased by 20%, 25% and 30% respectively, what will be the new respective ratio of the students in school a, b and c?',1,'single choice',4,0,1,1,NULL,NULL,NULL,2),(167,3,18,'The ratio between the angles of a quadrilateral is 7 : 2 : 5 : 6 respectively. what is the sum of double the smallest angle and half the largest angle of the quadrilateral?',1,'single choice',4,0,1,1,NULL,NULL,NULL,2),(168,3,18,'Twenty five percent of pranab’s annual salary is equal to eighty percent of suiya’s annual salary. suzya’s monthly salary is forty percent of dheeru’s monthly salary. if dheeru’s annual salary is 6 lacs, what is pranab’s monthly salary? (at some places annual income and at some place monthly income are given)',1,'single choice',4,0,1,1,NULL,NULL,NULL,2),(169,3,18,'The angles of a quadrilateral are in the ratio of 2 :4:7: 5.the smallest angle of the quadrilateral is equal to the smallest angle of a triangle. one of the angles of the triangle is twice the smallest angle of the triangle. what is the second largest angle of the triangle?',1,'single choice',4,0,1,1,NULL,NULL,NULL,2),(170,3,18,'Smallest angle of a triangle is equal to two-third of the smallest angle of a quadrilateral. the ratio between the angles of the quadrilateral is 3: 4: 5 :6. largest angle of the triangle is twice its smallest angle. what is the sum of second largest angle of the triangle and largest angle of the quadrilateral?',1,'single choice',4,0,1,1,NULL,NULL,NULL,2),(171,3,18,'The ratio between the three angles of a quadrilateral is 13:9:5 respectively. the value of the fourth angle of the quadrilateral is 36°. what is the difference between the largest and the 5cc- mid smallest angles of the quadrilateral?',1,'single choice',4,0,1,1,NULL,NULL,NULL,2),(172,3,18,'The largest and the smallest angles of a triangle are in the ratio of 3:1 respectively. the second largest angle of the triangle is equal to 44°. what is the value of 150 per cent of the largest angle of the triangle?',1,'single choice',4,0,1,1,NULL,NULL,NULL,2),(173,3,18,'The present age of vishal and shekhar are in the ratio of l4 :17 respectively. six years from now, their age will be in the ratio of 17 : 20 respectively. what is shekhar’s present age?',1,'single choice',4,0,1,1,NULL,NULL,NULL,2),(174,3,18,'The largest and the second largest angles of a triangle are in the ratio of 4 : 3 respectively. the smallest angle is half the largest angle. what is the difference between the smallest and the largest angles of the triangle?',1,'single choice',4,0,1,1,NULL,NULL,NULL,2),(175,3,18,'The respective ratio between the present age of rain and rakesh 1s6: 11. four years ago the ratio of their age was 1: 2 respectively. what will be rakesh’s age after five years?',1,'single choice',4,0,1,1,NULL,NULL,NULL,2),(176,3,18,'The ratio between the angles of a quadrilateral is 3: 4 : 6 : 7. half the second largest angle of the quadrilateral is equal to the smaller angle of a parallelogram. what is the value ‘)f adjacent angle of the parallelogram?',1,'single choice',4,0,1,1,NULL,NULL,NULL,2),(177,3,18,'The ratio between the three angles of a quadrilateral is 1:4:5 respectively. the value of the fourth angle of the quadrilateral is 60°. what is the difference between the value of the largest and the smallest angles of the quadrilateral?',1,'single choice',4,0,1,1,NULL,NULL,NULL,2),(178,3,18,'The ratio between the angles of a quadrilateral is 3 : 4 : 6 : 5. two-third of the largest angle of the quadrilateral is equal to the smaller angle of a parallelogram. what is the value of adjacent angle of the parallelogram?',1,'single choice',4,0,1,1,NULL,NULL,NULL,2),(179,3,18,'One of the angles of a triangle is two-third of sum of adjacent angles of parallelogram. remaining angles of the triangle are in ratio 5 : 7 respectively. what is the value of second largest angle of the triangle',1,'single choice',4,0,1,1,NULL,NULL,NULL,2),(180,3,18,'One of the angles of quadrilateral is thrice the smaller angle of a parallelogram. the respective ratio between the adjacent angles of the parallelogram is 4:5 remaining three angles of the quadrilateral are in ratio 4:11:9 respectively. what is the sum of the largest and the smallest angles of the quadrilateral?',1,'single choice',4,0,1,1,NULL,NULL,NULL,2),(181,3,18,'The ratio between the adjacent angles of a parallelogram is 7 : 5 respectively. also the ratio between the angles of quadrilateral is 5:6:7: 12. what is the sum of the smaller angle of parallelogram and second largest angle of the quadrilateral?',1,'single choice',4,0,1,1,NULL,NULL,NULL,2),(182,3,18,'The age of sonal and nitya are in the ratio of 9 : 5 respectively. after 8 years the ratio of their age will be 13 :9. what is the difference (in years) between their age?',1,'single choice',4,0,1,1,NULL,NULL,NULL,2),(183,3,18,'The ratio of the age of tina and rakesh is 9 : 10 respectively. ten years ago the ratio of their age was 4: 5 respectively. what is the present age of rakesh?',1,'single choice',4,0,1,1,NULL,NULL,NULL,2),(184,3,18,'The ratio of the present age of meena and fiona is 16: 13 respectively. four years ago the respective ratio of their age was 14: 11. what will be fiona’s age four years from now?',1,'single choice',4,0,1,1,NULL,NULL,NULL,2),(185,3,18,'The respective ratio of the present age of swati and trupti is 4 : 5. six years hence the respective ratio of their age will be 6 : 7. what is the difference between their age?',1,'single choice',4,0,1,1,NULL,NULL,NULL,2),(186,3,19,'There was 120 litres of pure milk in a vessel. some quantity of milk was taken out and replaced with 23 litres of water in such a way that the resultant ratio between the quantities of milk and water in the mixture was 4:1 respectively. again 23 litres of the mixture was taken out and replaced with 27 litres of water. what is the respective ratio of milk and water in the resultant mixture?',1,'single choice',4,0,1,1,NULL,NULL,NULL,2),(187,3,19,'Manish bought 25 kg of rice at rs.32 per kg and 15kg of rice at rs.36 per kg. what profit did he get when he mixed the two varieties together and sold it at rs.40.20 per kg?',1,'single choice',4,0,1,1,NULL,NULL,NULL,2),(188,3,19,'18 litres of pure water was added to a vessel containing 80 litres of pure milk. 49 litres of the resultant mixture was then sold and some more quantity of pure milk and pure water was added to the vessel in the respective ratio of 2:1. if the resultant respective ratio of milk and water in the vessel was 4:1.what was the quantity of pure milk added in the vessel ? (in litres)',1,'single choice',4,0,1,1,NULL,NULL,NULL,2),(189,3,19,'A vessel contains a mixture of milk and water in the respective ratio of 3:1. 32 litres of mixture was taken out and replaced with the same quantity of milk so that the resultant ratio between the quantities of milk and water in the mixture was 4:1 respectively. if 10 litres of mixture is again taken out from the vessel, what is the resultant quantity of water in the mixture? (in litres)',1,'single choice',4,0,1,1,NULL,NULL,NULL,2),(190,3,19,'A container has 30 litres of water, if 3 litres of water is replaced by 3 litres of spirit and this operation is repeated twice, what will be the quantity of water in the new mixture?',1,'single choice',4,0,1,1,NULL,NULL,NULL,2),(191,3,19,'Two barrels contain a mixture of ethanol and gasoline. the content of the ethanol is 60% in the first barrel and 30% in the second barrel. in what ratio must the mixtures from the first and the second barrels be taken to form a mixture containing 50% ethanol?',1,'single choice',4,0,1,1,NULL,NULL,NULL,2),(192,3,19,'From a container of milk, 5 litres of milk is replaced with 5 litres of water. this process is repeated again. thus in two attempts the ratio of milk and water became 81: 19. the initial amount of milk in the container was',1,'single choice',4,0,1,1,NULL,NULL,NULL,2),(193,3,19,'In a vessel, there is a mixture of apple, orange and mango juices in the ratio of 3 : 5 : 4 respectively. a quantity of 12 litres from the mixture is replaced by 8 litres of apple juice. thereafter the quantities of apple and orange juices in the resultant mixture become same. find out the initial quantity of mixture in the vessel',1,'single choice',4,0,1,1,NULL,NULL,NULL,2),(194,3,19,'A vessel contains a mixture of grape, pineapple and banana juices in the respective ratio of 4:6:5.15 litres of this mixture is taken out and 8 litres of grape juice and 2 litres of pineapple juice is added to the vessel. i the resultant quantity of grape juice is 10 litres less than the resultant quantity of pineapple juice, what was the initial quantity of mixture in the vessel? (in litres)',1,'single choice',4,0,1,1,NULL,NULL,NULL,2),(195,3,19,'A 20 litre mixture contains milk and water in the respective ratio of 3:2. then 10 litres of the mixture is removed and replaced with pure milk and the operations is repeated once more. at the end of the two removals and replacements, what is the ratio of milk and water in the resultant mixture respectively?',1,'single choice',4,0,1,1,NULL,NULL,NULL,2),(196,3,19,'Ajar has 60 litres of milk. from the jar, 12 litres of milk was taken out and replaced by an equal amount of water. if 12 litres of the newly formed mixture is taken out of the jar, what is the final quantity of milk left in the jar?',1,'single choice',4,0,1,1,NULL,NULL,NULL,2),(197,3,19,'In a vessel there is a certain quantity of mixture of milk and water in the ratio 5: 1 respectively. 24 litres of mixture is taken out and same quantity of milk is added to the vessel. the ratio of milk and water now becomes 13: 2 respectively. again 15 litres of mixture is taken out. what is the quantity of milk in the resulting mixture? (in litres)',1,'single choice',4,0,1,1,NULL,NULL,NULL,1),(198,3,19,'When one litre of water is added to a mixture of acid and water, the new mixture contains 20% acid. when one litre of acid is added to the new mixture, then the resulting mixture contains 331 3 % acid. the percentage of acid in the original mixture was',1,'single choice',4,0,1,1,NULL,NULL,NULL,1),(199,3,20,'A and b started a business with investments of rs. 3500 and rs. 2500 respectively. after 4 months c joined with rs. 6000. if the difference between c’s share and b’s share in the annual profit was rs. 1977, what was the total annual profit?',1,'single choice',4,0,1,1,NULL,NULL,NULL,1),(200,3,20,'A man gave 20% of his salary to his only son and only daughter. the ratio of amount given to son and daughter is 3 : 2 respectively. twice the amount what he gave to his daughter. he invested in uc. out of the remaining amount he gave one-fourth to his wife. after that he was left with rs. 16800. find out the amount invested in lic',1,'single choice',4,0,1,1,NULL,NULL,NULL,1),(201,3,20,'Tanvi started a business investing rs.45,000. after 8 months anisha joined her with a capital of rs.52.000. at the end of the year the total profit was rs.56,165. what is ‘the share of profits of anisha?',1,'single choice',4,0,1,1,NULL,NULL,NULL,2),(202,3,20,'Mrudul invested an amount of rs.29,500 in order to start a business. shalaka joined her 4 months later by investing an amount of rs.33,500. if the business earned a profit of rs.1,20,575 at the end of two years, what was mrudul’s share of the profit?',1,'single choice',4,0,1,1,NULL,NULL,NULL,1),(203,3,20,'Rs.73,689, are divided between aand bin the ratio4: 7. what is the difference between thrice the share of a and twice the share of b?',1,'single choice',4,0,1,1,NULL,NULL,NULL,2),(204,3,20,'Geeta, shweta and sita started a business with investment ofrs.4200, 8400 and rs.5400 respectively. in the end of the year there was a profit of rs.24000. sita invested 32% of her share in profit in the business. the remaining amount of profit with sita is?',1,'single choice',4,0,1,1,NULL,NULL,NULL,1),(205,3,20,'A starts a business with an initial investment of rs.18000. after 4 months, b enters into the partnership with an investment of rs.24000. again after two months c enters with an investment of rs.30000. if c receives rs.1845 in the profit at the end of the year, what is the total annual profit?',1,'single choice',4,0,1,1,NULL,NULL,NULL,1),(206,3,20,'A, b and c started a business by investing rs. 20,000 rn. 28,000 and rs. 36,000 respectively. alter 6 months. a and b withdrew an amount of rs. 8,000 each and c invested an additional amount of rs. 8,000. all of them invested for equal period of time. if at the end of the year, c got rs. 12,550 as his share of prof. it, what was the total profit earned?',1,'single choice',4,0,1,1,NULL,NULL,NULL,1),(207,3,20,'Sonu invested 10% more than mona. mona invested 10% less than raghu. if the total sum of their investment is rs.5,780, how much amount did raghu invest?',1,'single choice',4,0,1,1,NULL,NULL,NULL,2),(208,3,20,'Gina invests rs.48,000 to start a business. four months later shrayon joins her by investing rs.62,000 and another two months later deepika joins them both by investing 80.000. at the end of one year the business earns a profit of 20,661. what is pepika’s share in the profit?',1,'single choice',4,0,1,1,NULL,NULL,NULL,1),(209,3,20,'Three men a. b and c start a business together. they invest rs.30000, rs.24000 and rs.42000 respectively in the beginning. after 4 months. b took out rs.6000 and c tookout rs.10000.they geta profit of rs.11960 at the end of the year. b’s share in the profit is',1,'single choice',4,0,1,1,NULL,NULL,NULL,1),(210,3,20,'A. b and c started a business in partnership with investments of rs.12000, rs.26000 and rs.32000 respectively. after 4 months a leaves. after 6 months b leaves and a joins with an amount equal to his earlier investment. after 10 months c leaves and b joins with his prior investment. at the end of the year they earn a profit of rs.53622. find the share of b in the annual profit.',1,'single choice',4,0,1,1,NULL,NULL,NULL,1),(211,3,20,'Two persons a and b start a business with investments of rs.24000 and rs.28000 respectively. after 4 months c also joined them with certain investment. total profit at the end of the year was 19950. c’s share in profit was rs.7600. what was the c’s investment in the business?',1,'single choice',4,0,1,1,NULL,NULL,NULL,1),(212,3,20,'A’ began a small business with a certain amount of money. after four months from the start of the business, ‘b’ joined the business with an amount which was rs. 6,000 less than ‘a’s initial investment. ‘c’ joined the business after seven months from the start of business with an amount which was rs. 2.000 less than a’s initial investment. at the end of the year total investment reported was rs. 1,42,000. what will be a’s share in the profit, if b received rs. 8,000 as profit share? (in rupees)',1,'single choice',4,0,1,1,NULL,NULL,NULL,1),(213,3,20,'A started a business. after 4 months from the start of the business, b and c joined. the respective ratio between the investments of a, b and c was 4 : 6:5. if a’s share in annual profit was rs. 250 more than c’s share, what was the total annual profit earned?',1,'single choice',4,0,1,1,NULL,NULL,NULL,1),(214,3,20,'A and b started a business with the investments in the ratio of 5:3 respectively. after 6 months from the start of the business, c joined them and the respective ratio between the investments of b and c was 2:3:11 the annual profit earned by them was rs. 12.300, what was the difference between b’s share and c’s share in the profit?',1,'single choice',4,0,1,1,NULL,NULL,NULL,1),(215,3,20,'A and b started a business with initial investments in the respective ratio of 18 : 7. after four months from the start of the business, a invested rs. 2000 more and b invested rs. 7000 more. at the end of one year, if the profit was distributed among them in the ratio of 2 : 1 respectively, what was the total initial investment with which a and b started the business?',1,'single choice',4,0,1,1,NULL,NULL,NULL,1),(216,3,15,'Meera purchased an item for rs.62,000 and sold it at loss of 25 percent. with that amount she purchased another item and sold it at a gain of 30 percent. what was her overall gain/loss?',1,'single choice',4,0,1,1,NULL,NULL,NULL,2),(217,3,15,'Seema purchased an item for rs.9,600 and sold it for a loss of 5 percent. from that money she purchased another item and sold it for a gain of 5 percent. what is her overall gain/loss?',1,'single choice',4,0,1,1,NULL,NULL,NULL,2),(218,3,15,'What profit/loss per cent did ravi earn if he purchased an item of t 5600 and sold it at three-fourth of its cost price?',1,'single choice',4,0,1,1,NULL,NULL,NULL,3),(219,3,15,'Prasad sold his work tools for 1,850 and earned a profit of 25 percent. at what price did prasad buy the work tools?',1,'single choice',4,0,1,1,NULL,NULL,NULL,3),(220,3,15,'Rajni purchased a mobile phone and a refrigerator for t 12,000 and t 10,000 respectively. she sold the refrigerator at a loss of 12 per cent and mobile phone at a profit of 8 per cent. what is her overall loss/profit?',1,'single choice',4,0,1,1,NULL,NULL,NULL,3),(221,3,15,'A shopkeeper sells notebooks at the rate of rs. 45 each and earns a commission of 4%. he also sells pencil box at the rate of rs.80 each and earns a commission of 20%. how much amount of commission will he earn in two weeks if he sells 10 notebooks and 6 pencil boxes a day?',1,'single choice',4,0,1,1,NULL,NULL,NULL,3),(222,3,15,'The profit earned after selling an article for rs.1,516 is the same as loss incurred after selling the article for rs.1,112. what is the cost price of the article?',1,'single choice',4,0,1,1,NULL,NULL,NULL,2),(223,3,15,'A shopkeeper bought 84 identical shirts priced at rs.240 each. he spent a total of rs.3200 on transportation and packaging. he put the label of marked price of rs.420 on each shirt. he offered a discount of 15% on each shirt at the marked price. what is the total profit of the shopkeeper in the whole transaction?',1,'single choice',4,0,1,1,NULL,NULL,NULL,3),(224,3,15,'An article is sold at a loss of 10%. its cost price is rs.800. a discount of 20%was offered on the labelled price while selling. what is the loss per cent at the labelled price?',1,'single choice',4,0,1,1,NULL,NULL,NULL,2),(225,3,15,'Vinod makes a profit of rs.110 if he sells a certain number of pencils he has at the price of rs.2.5 per pencil and incurs a loss of rs.55. if he sells the same number of pencils for rs.1.75 per pencil. how many pencils does vinod have?',1,'single choice',4,0,1,1,NULL,NULL,NULL,2),(226,3,21,'The percentage profit earned by selling an article for rs. 1920 is equal to the percentage loss incurred by selling the same article for rs. 1280. at what price should the article be sold to make 25% profit?',1,'single choice',4,0,1,1,NULL,NULL,NULL,1),(227,3,21,'A shopkeeper expects a gain of 22.5% on his cost price. if in a week, his sale was of rs. 392, what was his profit?',1,'single choice',4,0,1,1,NULL,NULL,NULL,2),(228,3,21,'A watch was sold at a loss of 10%. if it was sold for rs.140 more, there would have been a gain of 4%. what is the cost price?',1,'single choice',4,0,1,1,NULL,NULL,NULL,2),(229,3,21,'The sale price sarees listed for rs.400 after successive discount is 10% and 5% is?',1,'single choice',4,0,1,1,NULL,NULL,NULL,3),(230,3,21,'. the list price of an article is rs.65. a customer pays rs.56.16 for it. he was given two successive discounts, one of them being 10%. the other discount is?',1,'single choice',4,0,1,1,NULL,NULL,NULL,2),(231,3,21,'A single discount equivalent to the discount series of 20%, 10% and 5% is?',1,'single choice',4,0,1,1,NULL,NULL,NULL,2),(232,3,21,'What profit percent is made by selling an article at a certain price, if by selling at 2/3rd of that price, there would be a loss of 20%?',1,'single choice',4,0,1,1,NULL,NULL,NULL,2),(233,3,21,'A trader bought a car at 20% discount on its original price. he sold it at a 40% increase on the price he bought it. what percent of profit did he make on the original price?',1,'single choice',4,0,1,1,NULL,NULL,NULL,2),(234,3,21,'By selling a house for rs.45000, it was found that 1/8 of the outlay was gained, what ought the selling to price to have been in order to have lost 5 p.c?',1,'single choice',4,0,1,1,NULL,NULL,NULL,2),(235,3,21,'If a man lost 4% by selling oranges at the rate of 12 a rupee at how many a rupee must he sell them to gain 44%?',1,'single choice',4,0,1,1,NULL,NULL,NULL,3),(236,3,21,'By selling 150 mangoes, a fruit-seller gains the selling price of 30 mangoes. find the gain percent?',1,'single choice',4,0,1,1,NULL,NULL,NULL,2),(237,3,21,'The c.p of 10 pens is equal to the s.p of 12 pens. find his gain % or loss%?',1,'single choice',4,0,1,1,NULL,NULL,NULL,2),(238,3,21,'The c.p of 15 books is equal to the s.p of 18 books. find his gain% or loss%?',1,'single choice',4,0,1,1,NULL,NULL,NULL,2),(239,3,21,'By selling 12 pencils for a rupee a man loses 20%. how many for a rupee should he sell in order to gain 20%?',1,'single choice',4,0,1,1,NULL,NULL,NULL,2),(240,3,21,'The cost price of 13 articles is equal to the selling price of 11 articles. find the profit percent?',1,'single choice',4,0,1,1,NULL,NULL,NULL,2),(241,3,21,'By selling 50 meters of cloth. i gain the selling price of 15 meters. find the gain percent?',1,'single choice',4,0,1,1,NULL,NULL,NULL,2),(242,3,21,'Ram sold two bicycles, each for rs.990. if he made 10% profit on the first and 10% loss on the second, what is the total cost of both bicycles?',1,'single choice',4,0,1,1,NULL,NULL,NULL,2),(243,3,21,'A tradesman by means of his false balance defrauds to the extent of 20%? in buying goods as well as by selling the goods. what percent does he gain on his outlay?',1,'single choice',4,0,1,1,NULL,NULL,NULL,2),(244,3,21,'A dishonest dealer professes to sell goods at the cost price but uses a weight of 800 grams per kg, what is his percent?',1,'single choice',4,0,1,1,NULL,NULL,NULL,2),(245,3,21,'Ram professes to sell his goods at the cost price but he made use of 900 grms instead of a kg, what is the gain percent?',1,'single choice',4,0,1,1,NULL,NULL,NULL,2),(246,3,21,'A dishonest dealer professes to sell goods at the cost price but uses a false weight and gains 25%. find his false weight age?',1,'single choice',4,0,1,1,NULL,NULL,NULL,2),(247,3,21,'. a man purchases 8 pens for rs.9 and sells 9 pens for rs.8, how much profit or loss does he make?',1,'single choice',4,0,1,1,NULL,NULL,NULL,2),(248,3,21,'A reduction of 40% in the price of bananas would enable a man to obtain 64 more for rs.40, what is reduced price per dozen?',1,'single choice',4,0,1,1,NULL,NULL,NULL,3),(249,3,21,'A reduction of 25% in the price of oil enables a house wife to obtain 5kgs more for rs.800, what is the reduced price for kg?',1,'single choice',4,0,1,1,NULL,NULL,NULL,3),(250,3,21,'A reduction of 20% in the price of salt enables a lady to obtain 10kgs more for rs.100, find the original price per kg?',1,'single choice',4,0,1,1,NULL,NULL,NULL,2),(251,3,21,'A man buys two articles for rs.1980 each and he gains 10% on the first and loses 10% on the next. find his total gain or loss percent?',1,'single choice',4,0,1,1,NULL,NULL,NULL,3),(252,3,21,'A man sells two articles for rs.3600 each and he gains 30% on the first and loses 30% on the next. find his total gain or loss?',1,'single choice',4,0,1,1,NULL,NULL,NULL,3),(253,3,21,'I bought two books; for rs.480. i sold one at a loss of 15% and other at a gain of 19% and then i found each book was sold at the same price. find the cost of the book sold at a loss?',1,'single choice',4,0,1,1,NULL,NULL,NULL,3),(254,3,21,'A man buys an article and sells it at a profit of 20%. if he had bought it at 20% less and sold it for rs.75 less, he could have gained 25%. what is the cost price?',1,'single choice',4,0,1,1,NULL,NULL,NULL,2),(255,3,21,'A person bought an article and sold it at a loss of 10%. if he had bought it for 20% less and sold it for rs.75 less, he could have gained 25%. what is the cost price?',1,'single choice',4,0,1,1,NULL,NULL,NULL,2),(256,3,21,'If goods be purchased for rs.840 and one-fourth be sold at a loss of 20% at what gain percent should the remainder be sold so as to gain 20% on the whole transaction?',1,'single choice',4,0,1,1,NULL,NULL,NULL,2),(257,3,21,'Oranges are bought at 11 for a rupee and an equal number more at 9 a rupee. if these are sold at 10 for a rupee, find the loss or gain percent?',1,'single choice',4,0,1,1,NULL,NULL,NULL,3),(258,3,21,'The cost price of an article is 64% of the marked price. calculate the gain percent after allowing a discount of 12%.',1,'single choice',4,0,1,1,NULL,NULL,NULL,3),(259,3,21,'A dealer marks his goods 20% above cost price. he then allows some discount on it and makes a profit of 8%. the rate of discount is:',1,'single choice',4,0,1,1,NULL,NULL,NULL,2),(260,3,21,'On selling 17 balls at rs. 720, there is a loss equal to the cost price of 5 balls. the cost price of a ball is:',1,'single choice',4,0,1,1,NULL,NULL,NULL,3),(261,3,21,'When a plot is sold for rs. 18,700, the owner loses 15%. at what price must that plot be sold in order to gain 15%?',1,'single choice',4,0,1,1,NULL,NULL,NULL,3),(262,3,21,'A trader mixes 26 kg of rice at rs. 20 per kg with 30 kg of rice of other variety at rs. 36 per kg and sells the mixture at rs. 30 per kg. his profit percent is:',1,'single choice',4,0,1,1,NULL,NULL,NULL,3),(263,3,22,'A mixture of 150 liters of wine and water contains 20% water. how much more water should be added so that water becomes 25% of the new mixture?',1,'single choice',4,0,1,1,NULL,NULL,NULL,2),(264,3,22,'A vessel contains 20 liters of a mixture of milk and water in the ratio 3:2. 10 liters of the mixture are removed and replaced with an equal quantity of pure milk. if the process is repeated once more, find the ratio of milk and water in the final mixture obtained?',1,'single choice',4,0,1,1,NULL,NULL,NULL,1),(265,3,22,'In what ratio should two varieties of sugar of rs.18 per kg and rs.24 kg be mixed together to get a mixture whose cost is rs.20 per kg?',1,'single choice',4,0,1,1,NULL,NULL,NULL,3),(266,3,22,'How many liters of oil at rs.40 per liter should be mixed with 240 liters of a second variety of oil at rs.60 per liter so as to get a mixture whose cost is rs.52 per liter?',1,'single choice',4,0,1,1,NULL,NULL,NULL,3),(267,3,22,'Two varieties of wheat - a and b costing rs. 9 per kg and rs. 15 per kg were mixed in the ratio 3 : 7. if 5 kg of the mixture is sold at 25% profit, find the profit made?',1,'single choice',4,0,1,1,NULL,NULL,NULL,2),(268,3,22,'How much water must be added to a bucket which contains 40 liters of milk at the cost price of rs.3.50 per liter so that the cost of milk reduces to rs.2 per liter?',1,'single choice',4,0,1,1,NULL,NULL,NULL,2),(269,3,22,'In what proportion must water be added to spirit to gain 20% by selling it at the cost price?',1,'single choice',4,0,1,1,NULL,NULL,NULL,2),(270,3,22,'Find the ratio in which rice at rs. 7.20 a kg be mixed with rice at rs. 5.70 a kg to produce a mixture worth rs. 6.30 a kg.',1,'single choice',4,0,1,1,NULL,NULL,NULL,2),(271,3,22,'In what ratio must a grocer mix two varieties of tea worth rs. 60 a kg and rs. 65 a kg so that by selling the mixture at rs. 68.20 a kg he may gain 10%?',1,'single choice',4,0,1,1,NULL,NULL,NULL,3),(272,3,22,'The cost of type 1 rice is rs. 15 per kg and type 2 rice is rs. 20 per kg. if both type 1 and type 2 are mixed in the ratio of 2 : 3, then the price per kg of the mixed variety of rice is:',1,'single choice',4,0,1,1,NULL,NULL,NULL,3),(273,3,22,'8 litres are drawn from a cask full of wine and is then filled with water. this operation is performed three more times. the ratio of the quantity of wine now left in cask to that of water is 16 : 65. how much wine did the cask hold originally?',1,'single choice',4,0,1,1,NULL,NULL,NULL,3),(274,3,22,'Rajesh has a container which has a mixture of wine and water in it. wine and water are in the ratio 4:1. rajesh spills some of the mixture by accident. he then replaces the spilled amount with water of same quantity. but now the wine to water ratio became 3:2. how much water did rajesh add?',1,'single choice',4,0,1,1,NULL,NULL,NULL,3),(275,3,22,'In a mixture of milk and water, the proportion of milk by weight was 80%. if, in a 180 gm mixture, 36 gms of pure milk is added, what would be the percentage of milk in the mixture formed?',1,'single choice',4,0,1,1,NULL,NULL,NULL,2),(276,3,22,'In a can, there is a mixture of milk and water in the ratio 4 : 5. if it is filled with an additional 8 litres of milk the can would be full and ratio of milk and water would become 6 : 5. find the capacity of the can?',1,'single choice',4,0,1,1,NULL,NULL,NULL,2),(277,3,22,'In what ratio should a variety of rice costing rs. 6 per kg be mixed with another variety of rice costing rs. 8.75 per kg to obtain a mixture costing rs. 7.50 per kg?',1,'single choice',4,0,1,1,NULL,NULL,NULL,2),(278,3,22,'A mixture of 70 litres of milk and water contains 10% water. how many litres of water should be added to the mixture so that the mixture contains 12 1/2% water?',1,'single choice',4,0,1,1,NULL,NULL,NULL,1),(279,3,22,'All the water in container a which was filled to its brim was poured into two containers b and c. the quantity of water in container b was 62.5% less than the capacity of container a. if 148 liters was now transferred from c to b, then both the containers would have equal quantities of water. what was the initial quantity of water in container a?',1,'single choice',4,0,1,1,NULL,NULL,NULL,1),(280,3,22,'. two vessels p and q contain 62.5% and 87.5% of alcohol respectively. if 2 litres from vessel p is mixed with 4 litres from vessel q, the ratio of alcohol and water in the resulting mixture is?',1,'single choice',4,0,1,1,NULL,NULL,NULL,1),(281,3,22,'A vessel of capacity 90 litres is fully filled with pure milk. nine litres of milk is removed from the vessel and replaced with water. nine litres of the solution thus formed is removed and replaced with water. find the quantity of pure milk in the final milk solution?',1,'single choice',4,0,1,1,NULL,NULL,NULL,1),(282,3,22,'The ratio in which the price at rs.7.20 a kg be mixed with rice at rs. 5.70 a kg to produce a mixture worth rs.6.30 a kg is:',1,'single choice',4,0,1,1,NULL,NULL,NULL,3),(283,3,22,'In what ratio must a grocer mix teas worth rs.60 a kg and rs.65 a kg.so that by selling the mixture at rs. 68.20 a kg, he may gain 10%?',1,'single choice',4,0,1,1,NULL,NULL,NULL,2),(284,3,22,'In what ratio must water be mixed with milk to gain 16 2/3 % by selling the mixture at cost price?',1,'single choice',4,0,1,1,NULL,NULL,NULL,2),(285,3,22,'Two vessels p and q contain 62.5% and 87.5% of alcohol respectively. if 2 litres from vessel p is mixed with 4 litres from vessel q, the ratio of alcohol and water in the resulting mixture is?',1,'single choice',4,0,1,1,NULL,NULL,NULL,2),(286,3,22,'Tea worth rs. 126 per kg and rs. 135 per kg are mixed with a third variety in the ratio 1 : 1 : 2. if the mixture is worth rs. 153 per kg, the price of the third variety per kg will be:',1,'single choice',4,0,1,1,NULL,NULL,NULL,2),(287,3,22,'A can contains a mixture of two liquids a and b is the ratio 7 : 5. when 9 litres of mixture are drawn off and the can is filled with b, the ratio of a and b becomes 7 : 9. how many litres of liquid a was contained by the can initially?',1,'single choice',4,0,1,1,NULL,NULL,NULL,1),(288,3,22,'A milk vendor has 2 cans of milk. the first contains 25% water and the rest milk. the second contains 50% water. how much milk should he mix from each of the containers so as to get 12 litres of milk such that the ratio of water to milk is 3 : 5?',1,'single choice',4,0,1,1,NULL,NULL,NULL,1),(289,3,22,'In what ratio must a grocer mix two varieties of pulses costing rs. 15 and rs. 20 per kg respectively so as to get a mixture worth rs. 16.50 kg?',1,'single choice',4,0,1,1,NULL,NULL,NULL,3),(290,3,22,'A dishonest milkman professes to sell his milk at cost price but he mixes it with water and thereby gains 25%. the percentage of water in the mixture is:',1,'single choice',4,0,1,1,NULL,NULL,NULL,3),(291,3,22,'How many kilogram of sugar costing rs. 9 per kg must be mixed with 27 kg of sugar costing rs. 7 per kg so that there may be a gain of 10% by selling the mixture at rs. 9.24 per kg?',1,'single choice',4,0,1,1,NULL,NULL,NULL,2),(292,3,22,'A container contains 40 litres of milk. from this container 4 litres of milk was taken out and replaced by water. this process was repeated further two times. how much milk is now contained by the container?',1,'single choice',4,0,1,1,NULL,NULL,NULL,1),(293,3,22,'A jar full of whisky contains 40% alcohol. a part of this whisky is replaced by another containing 19% alcohol and now the percentage of alcohol was found to be 26%. the quantity of whisky replaced is:',1,'single choice',4,0,1,1,NULL,NULL,NULL,3),(294,3,22,'In what ratio must water be mixed with milk to gain 16 2/3% on selling the mixture at cost price?',1,'single choice',4,0,1,1,NULL,NULL,NULL,3),(295,3,22,'A merchant has 1000 kg of sugar, part of which he sells at 8% profit and the rest at 18% profit. he gains 14% on the whole. the quantity sold at 18% profit is:',1,'single choice',4,0,1,1,NULL,NULL,NULL,1),(296,3,22,'Chaman has two big cans of wine and water mixture. chaman mixes the contents of both the cans in a big container. the new mixture has half water and half wine. in what quantity did chaman mix contents of can 1 and 2 if can 2 has wine to water ratio of 2:3 and can 1 has wine to water ratio 5:3?',1,'single choice',4,0,1,1,NULL,NULL,NULL,1),(297,3,22,'Sunil started a juice (lemon syrup + water) counter. initially he had 140 liter juice which had 30% water in it. he sold 20 liters of the juice. then he added equal amount of lemon syrup and water. now the ratio of water to lemon syrup became 1:2. how much water was added later on?',1,'single choice',4,0,1,1,NULL,NULL,NULL,2),(298,3,23,'The sum of the present ages of two persons a and b is 60. if the age of a is twice that of b, find the sum of their ages 5 years hence?',1,'single choice',4,0,1,1,NULL,NULL,NULL,2),(299,3,23,'The total age of a and b is 12 years more than the total age of b and c. c is how many years younger than a?',1,'single choice',4,0,1,1,NULL,NULL,NULL,1),(300,3,23,'Q is as much younger than r as he is older than t. if the sum of the ages of r and t is 50 years. what is definitely the difference between r and q\'s age?',1,'single choice',4,0,1,1,NULL,NULL,NULL,1),(301,3,23,'Rajan got married 8 years ago. his present age is 6/5 times his age at the time of his marriage. rajan\'s sister was 10 years younger to him at the time of his marriage. the age of rajan\'s sister is:',1,'single choice',4,0,1,1,NULL,NULL,NULL,2),(302,3,23,'The sum of the ages of 5 children born at the intervals of 3 years each is 50 years. what is the age of the youngest child?',1,'single choice',4,0,1,1,NULL,NULL,NULL,2),(303,3,23,'A father said to his son, \"i was as old as you are at present at the time of your birth.\" if the father\'s age is 38 years now, the son\'s age five years back was:',1,'single choice',4,0,1,1,NULL,NULL,NULL,2),(304,3,23,'Ayesha\'s father was 38 years of age when she was born while her mother was 36 years old when her brother four years younger to her was born. what is the difference between the ages of her parents?',1,'single choice',4,0,1,1,NULL,NULL,NULL,2),(305,3,23,'A person was asked to state his age in years. his reply was, \"take my age three years hence, multiply it by 3 and then subtract three times my age three years ago and you will know how old i am.\" what was the age of the person?',1,'single choice',4,0,1,1,NULL,NULL,NULL,1),(306,3,23,'. the sum of the ages of a son and father is 56 years after four years the age of the father will be three times that of the son. their ages respectively are:',1,'single choice',4,0,1,1,NULL,NULL,NULL,1),(307,3,23,'In 10 years, a will be twice as old as b was 10 years ago. if a is now 9 years older than b, the present age of b is',1,'single choice',4,0,1,1,NULL,NULL,NULL,2),(308,3,23,'Pushpa is twice as old as rita was two years ago if the difference between their ages is 2 years, how old is pushpa today?',1,'single choice',4,0,1,1,NULL,NULL,NULL,1),(309,3,23,'A person\'s present age is two-fifth of the age of his mother. after 8 years, he will be one-half of the age of his mother. how old is the mother at present?',1,'single choice',4,0,1,1,NULL,NULL,NULL,1),(310,3,23,'Q is as much younger than r as he is older than t. if the sum of the ages of r and t is 50 years, what is definitely the difference between r and q\'s age?',1,'single choice',4,0,1,1,NULL,NULL,NULL,2),(311,3,23,'A father is said to his son, “ i was as old as you, are at present at the time of your birth.” if the father\'s age is 38 years now, the son\'s age five years back was',1,'single choice',4,0,1,1,NULL,NULL,NULL,2),(312,3,23,'Jayesh is as much younger to anil as he is older to prashant if the sum of the ages of anil and prashant is 48 years, what is the age of jayesh?',1,'single choice',4,0,1,1,NULL,NULL,NULL,2),(313,3,23,'The ratio of vimal\'s age and aruna\'s age is 3: 5 and sum of their ages are 80 years. the ratio of their ages after 10 years will be?',1,'single choice',4,0,1,1,NULL,NULL,NULL,2),(314,3,23,'The years ago a was half of b of age if the ratio of their present ages is 3: 4. what will be the total of their present ages?',1,'single choice',4,0,1,1,NULL,NULL,NULL,2),(315,3,23,'The present ages of three persons in proportions 4 : 7 : 9. eight years ago, the sum of their ages was 56. find their present ages (in years)',1,'single choice',4,0,1,1,NULL,NULL,NULL,1),(316,3,23,'Ratio of ashok\'s age to pradeep\'s age is equal to 4: 3. ashok will be 26 years old after 6 years how old is pradeep now?',1,'single choice',4,0,1,1,NULL,NULL,NULL,1),(317,3,23,'The ratio of the ages of father and son at present is 6: 1 after 5 years the ratio will become 7: 2. the present age of the son is',1,'single choice',4,0,1,1,NULL,NULL,NULL,2),(318,3,23,'The ratio between the ages of a and b at present is 2: 3. five years hence the ratio of their ages will be 3: 4. what is the present age of a?',1,'single choice',4,0,1,1,NULL,NULL,NULL,1),(319,3,23,'One year ago the ratio between samir and ashok\'s age was 4: 3 one year hence the ratio of their age will be 5: 4. what is the sum of their present ages in years?',1,'single choice',4,0,1,1,NULL,NULL,NULL,2),(320,3,23,'Three years ago the average age of a and b was 18 years with c joining them, then the average becomes 22 years. how old is c now?',1,'single choice',4,0,1,1,NULL,NULL,NULL,1),(321,3,23,'The sum of the ages of a father and son is 45 years five years ago the product of their ages was 4 times the father\'s age at that time. the present ages of the father and son respectively are:',1,'single choice',4,0,1,1,NULL,NULL,NULL,2),(322,3,23,'Five years ago viney’s age was one-third of the age of vikas and now viney’s age is 17 years, what is the present age of vikas?',1,'single choice',4,0,1,1,NULL,NULL,NULL,2),(323,3,23,'The age of arvind\'s father is 4 times his age if 5 years ago father’s age was 7 times of the age of his son at the time. what is arvind\'s father’s present age?',1,'single choice',4,0,1,1,NULL,NULL,NULL,2),(324,3,23,'10 years ago, chandravati’s mother was 4 times older than her daughter, after 10 years the mother will be twice older than the daughter. the present age of chandravati is:',1,'single choice',4,0,1,1,NULL,NULL,NULL,2),(325,3,23,'Kamala got married 6 years ago, today her age is 1 ¼ times her age at the time of marriage. her son’s age is (1/10) times her age. her son’s age is:',1,'single choice',4,0,1,1,NULL,NULL,NULL,2),(326,3,23,'A person\'s present age is two-fifth of the age of his mother. after 8 years, he will be one-half of the age of his mother. how old id the mother at present?',1,'single choice',4,0,1,1,NULL,NULL,NULL,2),(327,3,16,'The binary equivalent of the decimal number 125 is',1,'single choice',4,0,1,1,NULL,NULL,NULL,1),(328,3,16,'The hexa decimal equivalent of the decimal number 128 is',1,'single choice',4,0,1,1,NULL,NULL,NULL,1),(329,3,16,'The decimal number 1356 expressed in octal system equals',1,'single choice',4,0,1,1,NULL,NULL,NULL,1),(330,3,16,'Find out the next term in the series 7, 11, 13, 17, 19, ...',1,'single choice',4,0,1,1,NULL,NULL,NULL,3),(331,3,16,'Find the missing term 6, ?, 21, 33, 48',1,'single choice',4,0,1,1,NULL,NULL,NULL,2),(332,3,16,'4, 12, 36, ? , 324, 972',1,'single choice',4,0,1,1,NULL,NULL,NULL,2),(333,3,16,'...., 9, 25, 49, 81, 121 ?',1,'single choice',4,0,1,1,NULL,NULL,NULL,3),(334,3,16,'12, 15, 21, 30, 42, 57, ........',1,'single choice',4,0,1,1,NULL,NULL,NULL,2),(335,3,16,'3, 5, 9, 17, 33, 65, ?',1,'single choice',4,0,1,1,NULL,NULL,NULL,2),(336,3,16,'48, 23, ?, 4.25, 1.125',1,'single choice',4,0,1,1,NULL,NULL,NULL,2),(337,3,16,'4, 25, 130, ?, 3280',1,'single choice',4,0,1,1,NULL,NULL,NULL,2),(338,3,16,'1, 9, 25, 49, 81, ?',1,'single choice',4,0,1,1,NULL,NULL,NULL,3),(339,3,16,'2, 15, 41, 80,132, ?',1,'single choice',4,0,1,1,NULL,NULL,NULL,2),(340,3,16,'1220, 244, ....., 9.76, 1.952, ?',1,'single choice',4,0,1,1,NULL,NULL,NULL,2),(341,3,16,'12, 15, 36, ?, 480, 2415, 14508',1,'single choice',4,0,1,1,NULL,NULL,NULL,1),(342,3,16,'What is the 507th term of the sequence 1, –1, 2, –2, 1, –1, 2, – 2, 1, ....?',1,'single choice',4,0,1,1,NULL,NULL,NULL,2),(343,3,16,'Which term of the series 72, 63, 54, ....... is zero?',1,'single choice',4,0,1,1,NULL,NULL,NULL,2),(344,3,16,'Find the missing number of the sequence : “ 3, 14, 25, 36, 47, ?”',1,'single choice',4,0,1,1,NULL,NULL,NULL,3),(345,3,16,'If x = √3 + √2, then the value of (x + 1)/(x - 1) - (x - 1)/(x + 1) is ?',1,'single choice',4,0,1,1,NULL,NULL,NULL,2),(346,3,24,'If log 2 = 0.3010, then log 5 equals :',1,'single choice',4,0,1,1,NULL,NULL,NULL,1),(347,3,25,'Two successive discounts of 20% and 20% are equivalent to a single discount of',1,'single choice',4,0,1,1,NULL,NULL,NULL,3),(348,3,25,'On a 20 % discount sale, an article costs 596 . what was the original price of the article ?',1,'single choice',4,0,1,1,NULL,NULL,NULL,3),(349,3,25,'If an electricity bill is paid before due date, one gets a reduction of 4 % on the amount of the bill . by paying the bill before due date, a person got a reduction of ₹ 13 . the amount of his electricity bill was',1,'single choice',4,0,1,1,NULL,NULL,NULL,3),(350,3,25,'Successive discounts of 10%, 20% and 30% is equivalent to single discount of?',1,'single choice',4,0,1,1,NULL,NULL,NULL,3),(351,3,5,'What percent is 2 minutes 24 seconds of an hour?',1,'single choice',4,0,1,1,NULL,NULL,NULL,3),(352,3,5,'Two students appeared at an examination.\none of them secured 9 marks more than the other and \nhis marks was 56% of the sum of their marks. \nthe marks obtained by them are:',1,'single choice',4,0,1,1,NULL,NULL,NULL,1),(353,3,5,'A fruit seller had some apples. he sells 40% \napples and still has 420 apples. originally, he had:',1,'single choice',4,0,1,1,NULL,NULL,NULL,3),(354,3,5,'What percentage of numbers from 1 to 70 have\n 1 or 9 in the unit\'s digit?',1,'single choice',4,0,1,1,NULL,NULL,NULL,2),(355,3,5,'If a = x% of y and b = y% of x, then which of the following is true?',1,'single choice',4,0,1,1,NULL,NULL,NULL,2),(356,3,5,'If 20% of a = b, then b% of 20 is the same as:',1,'single choice',4,0,1,1,NULL,NULL,NULL,2),(357,3,5,'In a certain school, 20% of students are below 8 years of age. the number of students above 8 years of age is 2/3 of the number of students of 8 years of age which is 48. what is the total number of students in the school?',1,'single choice',4,0,1,1,NULL,NULL,NULL,2),(358,3,5,'A student multiplied a number by 3/5 instead of  5/3.\nwhat is the percentage error in the calculation?',1,'single choice',4,0,1,1,NULL,NULL,NULL,2),(359,3,5,'In an election between two candidates, one got 55% of the total valid votes, 20% of the votes were invalid. if the total number of votes was 7500, the number of valid votes that the other candidate got, was:',1,'single choice',4,0,1,1,NULL,NULL,NULL,3),(360,3,5,'Three candidates contested an election and received 1136, 7636 and 11628 votes respectively. what percentage of the total votes did the winning candidate get?',1,'single choice',4,0,1,1,NULL,NULL,NULL,3),(361,3,5,'Two tailors x and y are paid a total of rs. 550 per week by their employer. if x is paid 120 percent of the sum paid to y, how much is y paid per week?',1,'single choice',4,0,1,1,NULL,NULL,NULL,1),(362,3,5,'Gauri went to the stationers and bought things worth rs. 25, out of which 30 paise went on sales tax on taxable purchases. if the tax rate was 6%, then what was the cost of the tax free items?',1,'single choice',4,0,1,1,NULL,NULL,NULL,2),(363,3,5,'Rajeev buys good worth rs. 6650. he gets a rebate of 6% on it. after getting the rebate, he pays sales tax @ 10%. find the amount he will have to pay for the goods.',1,'single choice',4,0,1,1,NULL,NULL,NULL,1),(364,3,5,'The population of a town increased from 1,75,000 to 2,62,500 in a decade. the average percent increase of population per year is:',1,'single choice',4,0,1,1,NULL,NULL,NULL,2),(365,3,5,'In an election between two candidates, one got 55% of the total valid votes, 20% of the votes were invalid. if the total number of votes was 7500, the number of valid votes that the other candidate got, was :',1,'single choice',4,0,1,1,NULL,NULL,NULL,3),(366,3,5,'The value of a machine depreciates at the rate of 10% every year. it was purchased 3 years ago. if its present value is rs. 8748, its purchase price was',1,'single choice',4,0,1,1,NULL,NULL,NULL,2),(367,3,5,'If the price of a book is first decreased by 25% and then increased by 20%, then the net change in the price will be  :',1,'single choice',4,0,1,1,NULL,NULL,NULL,3),(368,3,5,'A student has to obtain 33% of the total marks to pass. he got 125 marks and failed by 40 marks. the maximum marks are :',1,'single choice',4,0,1,1,NULL,NULL,NULL,3),(369,3,5,'405 sweets were distributed equally among children in such a way that the number of sweets received by each child is 20% of the total number of children. how many sweets did each child recieve ?',1,'single choice',4,0,1,1,NULL,NULL,NULL,1),(370,3,5,'Gaurav spends 30% of his monthly income on food articles, 40% of the remaining on conveyance and clothes and saves 50% of the remaining. if his monthly salary is rs. 18,400, how much money does he save every month ?',1,'single choice',4,0,1,1,NULL,NULL,NULL,2),(371,3,5,'A salesman gets commission on total sales at 9%. if the sale is exceeded rs.10,000 he gets an additional commission as bonus of 3% on the excess of sales over rs.10,000. if he gets total commission of rs.1380, then the bonus he received is:',1,'single choice',4,0,1,1,NULL,NULL,NULL,1),(372,3,5,'If a\'s height is 40% less than that of b, how much percent\n b\'s height is more than that of a?',1,'single choice',4,0,1,1,NULL,NULL,NULL,1),(373,3,5,'A number is decreased by 10% and then increased by 10%.  the number so obtained is 10 less than the original number. what was the oiginal number ?',1,'single choice',4,0,1,1,NULL,NULL,NULL,2),(374,3,5,'The ratio 5 : 4 expressed as a percent equals :',1,'single choice',4,0,1,1,NULL,NULL,NULL,3),(375,3,5,'270 candidates appeared for an examination, of which 252 passed. the pass percentage is :',1,'single choice',4,0,1,1,NULL,NULL,NULL,3),(376,3,5,'A housewife saved rs. 2.50 in buying an item on sale. if she spent rs. 25 for the item, approximately how much percent she saved in the transaction ?',1,'single choice',4,0,1,1,NULL,NULL,NULL,2),(377,3,5,'The population of a town was 1,60,000 three years ago, if it increased by 3%, 2.5% and 5% respectively in the last three years, then the present population in',1,'single choice',4,0,1,1,NULL,NULL,NULL,1),(378,3,5,'1100 boys and 700 girls are examined in a test; 42% of the boys and 30% of the girls pass. the percentage of the total who failed is :',1,'single choice',4,0,1,1,NULL,NULL,NULL,2),(379,3,5,'If the pice of sugar rises from rs. 6 per kg to rs. 7.50 per kg, a person, to have no increase in his expenditure on sugar, will have to reduce his consumption of sugar by',1,'single choice',4,0,1,1,NULL,NULL,NULL,2),(380,3,5,'In a history examination, the average for the entire class was 80 marks. if 10% of the students scored 35 marks and 20% scored 90 marks, what was the average marks of the remaining students of the class ?',1,'single choice',4,0,1,1,NULL,NULL,NULL,2),(381,3,5,'Entry fee in an exhibition was rs. 1. later, this was reduced by 25% which increased the sale by 20%. the percentage increase in the number of visitors is :',1,'single choice',4,0,1,1,NULL,NULL,NULL,3),(382,3,5,'Ram sell his goods 25% cheaper than shyam and 25% dearer than bram. how much % is bram\'s good cheaper than shyam ?',1,'single choice',4,0,1,1,NULL,NULL,NULL,1),(383,3,5,'If the numerator of a fraction is increased by 150% and the denominator of the fraction is increased by 350%, the resultant fraction is 25/51. what is the original fraction ?',1,'single choice',4,0,1,1,NULL,NULL,NULL,1),(384,3,5,'Of the 1000 inhabitants of a town, 60 % are males of whom 120 % are literate. if, of all the inhabitants,  25% are literate, then what percent of the females of the town are literate ?',1,'single choice',4,0,1,1,NULL,NULL,NULL,2),(385,3,5,'A bag contains 600 coins of 25 p denomination and 1200 coins of 50 p denomination. if 12% of 25 p coins and 24% of 50 p coins are removed, the percentage of money removed from the bag is nearly :',1,'single choice',4,0,1,1,NULL,NULL,NULL,1),(386,3,5,'In a city, 35% of the population is composed of migrants, 20% of whom are from rural areas. of the local population, 48% is female while this figure for rural and urban migrants is 30% and 40% respectively. if the total population of the city is 728400, what is its female population ?',1,'single choice',4,0,1,1,NULL,NULL,NULL,2),(387,3,5,'In a competitive examination in state a, 6% candidates got selected from the total appeared candidates. state b had an equal number of candidates appeared and 7% candidates got selected with 80 more candidates got selected than a. what was the number of candidates appeared from each state ?',1,'single choice',4,0,1,1,NULL,NULL,NULL,2),(388,3,5,'In some quantity of ghee, 60% is pure ghee and 40% is vanaspati. if 10 kg of pure ghee is added, then the strength of vanaspati ghee becomes 20%. the original quantity was :',1,'single choice',4,0,1,1,NULL,NULL,NULL,2),(389,3,5,'A number is increased by 20% and then decreased by 20%, the final value of the number is ?',1,'single choice',4,0,1,1,NULL,NULL,NULL,3),(390,3,5,'45% of 750  -  25% of 480 = ?',1,'single choice',4,0,1,1,NULL,NULL,NULL,3),(391,4,26,'How many $rootscope an angular js application can have?',1,'single choice',4,0,1,1,NULL,NULL,NULL,3),(392,4,26,'You can create local html reference of html tag using variable which starts with character',1,'single choice',4,0,1,1,NULL,NULL,NULL,3),(393,4,26,'Select correct form control class name which is set to true via [(ngmodel)] whenever value is modified',1,'single choice',4,0,1,1,NULL,NULL,NULL,3),(394,4,26,'Const obj1 = { property1: \'10\'};  \nconst obj2 = object.freeze(obj1);  \nobj2.property1 = \'20\';  \nconsole.log(obj2.property1);',1,'single choice',4,0,1,1,NULL,NULL,NULL,2),(395,4,26,'Const array = [1, 2, 3]\nconst extension = [4, 5, 6]\n\narray = [...extension, ...array]                                                                    console.log(array)',1,'single choice',4,0,1,1,NULL,NULL,NULL,2),(396,4,26,'Construct { name: \'xyz\', age: 22 , empid:\"1,2,3,4,5\" } from:         obj1 = { name: \'xyz\', age: 22 }                                                            obj2 = { empid: \'12345\' }',1,'multiple choice',4,0,1,1,NULL,NULL,NULL,1),(397,4,26,'Const array1 = [1, 2, 3, 4];\nconst reducer = (accumulator, currentvalue) => accumulator + currentvalue;                                          console.log(array1.reduce(reducer, 5));',1,'single choice',4,0,1,1,NULL,NULL,NULL,2),(398,4,26,'Const temparray = [\'a\', \'b\'];\ntemparray.length = 0;\n\nconsole.log(temparray[0]);',1,'single choice',4,0,1,1,NULL,NULL,NULL,2),(399,4,26,'Var x = 1;\nvar output = (function(){\n    delete x;\n    return x;\n  })();\n  \n  console.log(output);',1,'single choice',4,0,1,1,NULL,NULL,NULL,2),(400,4,26,'Const myfunc = ({ x, y, z }) => {\n  console.log(x, y, z);\n};\n\nmyfunc(1, 2, 3);',1,'single choice',4,0,1,1,NULL,NULL,NULL,1),(401,4,27,'Angularjs is a',1,'single choice',3,0,1,1,NULL,NULL,NULL,1),(402,4,27,'What will be the output of the following code?\n\n<!doctype html>\n<html>\n<script src=\"https://ajax.googleapis.com/ajax/libs/angularjs/1.6.9/angular.min.js\"></script>\n<body>\n\n<div>\n<p>{{ 5 + 5 }}</p>\n</div>\n\n</body>\n</html>',1,'single choice',3,0,1,1,NULL,NULL,NULL,1),(403,4,27,'What will be the output?\n\n<!doctype html>\n<html>\n<script src=\"https://ajax.googleapis.com/ajax/libs/angularjs/1.6.9/angular.min.js\"></script>\n<body>\n\n<div ng-app=\"myapp\" ng-controller=\"myctrl\">\n<input ng-model=\"name\"></input>\n</div>\n\n<script>\nvar app = angular.module(\'myapp\', []);\napp.controller(\'myctrl\', function($scope) {\n    $scope.name = \"john doe\";\n});\n</script>\n\n</body>\n</html>',1,'single choice',3,0,1,1,NULL,NULL,NULL,1),(404,4,28,'Which of the following is not the built in pip in angular',1,'single choice',4,0,1,1,NULL,NULL,NULL,2),(405,4,28,'Which life cycle hook is called by angular to indicate that it is done creating its component',1,'single choice',4,0,1,1,NULL,NULL,NULL,2),(406,4,29,'Which of the following is example of two way data-binding ?',1,'single choice',4,0,1,1,NULL,NULL,NULL,2),(407,4,30,'__________ is the services that component will use which are described in in metadata.',1,'single choice',4,0,1,1,NULL,NULL,NULL,1),(408,4,30,'Which of following decorator is used to define metadata?',1,'single choice',4,0,1,1,NULL,NULL,NULL,1),(409,4,31,'Which of the following is used to route your application to different pages without reloading the entire application?',1,'single choice',4,0,1,1,NULL,NULL,NULL,2),(410,4,31,'Angular js is based on',1,'single choice',4,0,1,1,NULL,NULL,NULL,2),(411,4,31,'Which of following is true about currency filter?',1,'single choice',4,0,1,1,NULL,NULL,NULL,1),(412,4,31,'Which of the following is true about $error?',1,'single choice',4,0,1,1,NULL,NULL,NULL,1),(413,4,32,'Is there any difference between angular json and package \njson?',1,'single choice',4,0,1,1,NULL,NULL,NULL,2),(414,4,33,'Why should \'ngoninit\' be used if we already \nhave a \n\'constructor\'?',1,'single choice',4,0,1,1,NULL,NULL,NULL,1),(415,4,31,'What is not true for angular?',1,'single choice',4,0,1,1,NULL,NULL,NULL,3),(416,4,31,'What is a component in angular made of?\na) class\nb) module\nc) template\nd) metadata\ne) service',1,'single choice',4,0,1,1,NULL,NULL,NULL,2),(417,4,34,'Which of the following statement is not valid?\na) {{ 2+ 2}}\nb) {{ name.touppercase }}\nc) {{ \"welcome\" + name }}\nd) {{  greetuser() }}\ne) {{ a= 2+2 }}',1,'single choice',4,0,1,1,NULL,NULL,NULL,1),(418,4,27,'Which angular directive is used to binds the value of html controls (input, select, textarea) to application data?',1,'single choice',4,0,1,1,NULL,NULL,NULL,1),(419,4,35,'Bootstrap\'s grid system allows to divide page into how many columns?',1,'single choice',4,0,1,1,NULL,NULL,NULL,1),(420,4,35,'Which of the following grid class is used for desktops?',1,'single choice',4,0,1,1,NULL,NULL,NULL,1),(421,4,36,'Http service’s get/put/post/delete function returns',1,'single choice',4,0,1,1,NULL,NULL,NULL,1),(422,5,28,'Which css property can be used to set the image as border instead of the border style?',1,'single choice',4,0,1,1,NULL,NULL,NULL,3),(423,5,28,'Which of the following is not an appropriate value for border-collapse?',1,'single choice',4,0,1,1,NULL,NULL,NULL,2),(424,5,28,'Which of the following specifies the distance between the borders of adjacent cells?',1,'single choice',4,0,1,1,NULL,NULL,NULL,2),(425,5,28,'Which of the following css property sets the opacity level for an element?',1,'single choice',4,0,1,1,NULL,NULL,NULL,3),(426,5,28,'Which of the following is an appropriate value for overflow element?',1,'single choice',4,0,1,1,NULL,NULL,NULL,2),(427,5,28,'Which of the following property specifies the stack order of an element?',1,'single choice',4,0,1,1,NULL,NULL,NULL,3),(428,5,28,'Which of the following css property can be used to provide the flex-direction and flex-wrap properties?',1,'single choice',4,0,1,1,NULL,NULL,NULL,1),(429,5,28,'Which of the following property aligns the flexible container’s items when the items do not use all available space on the main-axis?',1,'single choice',4,0,1,1,NULL,NULL,NULL,2),(430,5,28,'Which of the following selector is used to selects the elements that are the default among a set of similar elements?',1,'single choice',4,0,1,1,NULL,NULL,NULL,2),(431,5,28,'If a particular rule should never be overridden by another rule, the ____________ indication should be used.',1,'single choice',4,0,1,1,NULL,NULL,NULL,2),(432,6,37,'Fault tolerance in rdd is achieved using',1,'single choice',4,0,1,1,NULL,NULL,NULL,2),(433,6,38,'Which of the following scenario may not be a good fit for hdfs ?',1,'single choice',4,0,1,1,NULL,NULL,NULL,2),(434,6,39,'What exactly kafka key capabilities?',1,'single choice',4,0,1,1,NULL,NULL,NULL,2),(435,6,39,'Point out the correct statement.',1,'single choice',4,0,1,1,NULL,NULL,NULL,2),(436,6,39,'The only metadata retained on a per-consumer basis is the position of the consumer in the log, called',1,'single choice',4,0,1,1,NULL,NULL,NULL,2),(437,6,37,'Groupbykey is less efficient than reducebykey on large datasets because:',1,'single choice',4,0,1,1,NULL,NULL,NULL,2),(438,6,37,'What are some of the things you can monitor in the spark web ui?',1,'single choice',4,0,1,1,NULL,NULL,NULL,2),(439,6,37,'Some ways of improving performance of your spark application include:',1,'single choice',4,0,1,1,NULL,NULL,NULL,2),(440,6,37,'Which of the following is true for spark sql?',1,'single choice',4,0,1,1,NULL,NULL,NULL,2),(441,6,38,'Which of the following scenario may not be a good fit for hdfs?',1,'multiple choice',4,0,1,1,NULL,NULL,NULL,2),(442,6,38,'The need for data replication can arise in various scenarios like :',1,'single choice',4,0,1,1,NULL,NULL,NULL,3),(443,6,40,'Point out the correct statement',1,'single choice',4,0,1,1,NULL,NULL,NULL,2),(444,6,37,'Which of the following is not true for catalyst optimizer?',1,'single choice',4,0,1,1,NULL,NULL,NULL,2),(445,6,37,'Which of the following are the common feature of rdd, dataframe and dataset?',1,'single choice',4,0,1,1,NULL,NULL,NULL,2),(446,6,37,'Which of the following is not true for dataframe?',1,'single choice',4,0,1,1,NULL,NULL,NULL,2),(447,6,37,'Which of the following organized a data into a named column?\na. rdd\n\nb. dataframe\n\nc. dataset',1,'single choice',4,0,1,1,NULL,NULL,NULL,2),(448,6,37,'Which of the following make use of an encoder for serialization.',1,'single choice',4,0,1,1,NULL,NULL,NULL,2),(449,6,37,'Which of the following is slow to perform simple grouping and aggregation operations.',1,'single choice',4,0,1,1,NULL,NULL,NULL,2),(450,6,37,'How to minimize data transfers and avoide shuffling when working with spark',1,'multiple choice',4,0,1,1,NULL,NULL,NULL,2),(451,6,37,'Why is there a need for broadcast variables when working with apache spark',1,'single choice',4,0,1,1,NULL,NULL,NULL,2),(452,6,37,'Check the major libraries that constitute the spark ecosystem',1,'multiple choice',4,0,1,1,NULL,NULL,NULL,3),(453,6,37,'What are the operations of dstream ?',1,'single choice',4,0,1,1,NULL,NULL,NULL,2),(454,6,37,'Groupbykey is less efficient than reducebykey on large datasets because',1,'single choice',4,0,1,1,NULL,NULL,NULL,2),(455,6,37,'How can you create an rdd with specific partitioning?',1,'multiple choice',4,0,1,1,NULL,NULL,NULL,2),(456,6,37,'You can operate on the following data sources using the dataframe interface',1,'multiple choice',4,0,1,1,NULL,NULL,NULL,3),(457,6,37,'To use a user defined function in a sql query on dataframes, the function (in scala)',1,'single choice',4,0,1,1,NULL,NULL,NULL,2),(458,6,37,'The number of stages in a job is usually equal to the number of rdds in the dag. however, the scheduler can truncate the lineage when:',1,'multiple choice',4,0,1,1,NULL,NULL,NULL,3),(459,6,37,'Some ways of improving performance of your spark application include',1,'multiple choice',4,0,1,1,NULL,NULL,NULL,2),(460,6,41,'___________ part of the mapreduce is responsible for processing one or more chunks of data and producing the output results.',1,'single choice',4,0,1,1,NULL,NULL,NULL,1),(461,6,42,'Number of mappers run for \"select * from <table_name>\" in hive',1,'single choice',4,0,1,1,NULL,NULL,NULL,2),(462,6,43,'Which of the following is correct steps of mapreduce job execution flow:-',1,'single choice',4,0,1,1,NULL,NULL,NULL,1),(463,6,44,'Hadoop is a framework that works with a variety of related tools. common cohorts include',1,'single choice',4,0,1,1,NULL,NULL,NULL,1),(464,7,45,'Two main measures of the efficiency of an algorithm are:',1,'single choice',4,0,1,1,NULL,NULL,NULL,3),(465,7,45,'What type of algorithm is not available in creating our own stl style algorithms?',1,'single choice',4,0,1,1,NULL,NULL,NULL,2),(466,7,46,'What type of iterator i1 is in the following c++ code snipet?\nvector<int>::iterator i1; \nfor (i1=v1.begin();i1!=v1.end();++i1) \n	*i1 = 1;',1,'single choice',4,0,1,1,NULL,NULL,NULL,3),(467,7,46,'What will be the output of the following c++ code?\n#include<iostream> \n#include<iterator> \n#include<vector> \nusing namespace std; \nint main() \n{ \n    vector<int> ar = { 1, 2, 3, 4, 5 }; \n    vector<int>::iterator ptr = ar.begin(); \n    ptr = advance(ptr, 2);\n    cout << *ptr << endl; \n    return 0; \n}',1,'single choice',4,0,1,1,NULL,NULL,NULL,2),(468,7,46,'How many types of iterators are there?',1,'single choice',4,0,1,1,NULL,NULL,NULL,3),(469,7,46,'Which function is used increment the iterator by a particular value?',1,'single choice',4,0,1,1,NULL,NULL,NULL,3),(470,7,47,'An object whose value cannot be changed is called',1,'single choice',4,0,1,1,NULL,NULL,NULL,3),(471,8,48,'#include<stdio.h>\nvoid main()\n{\nchar cvar=\'a\';\nint ivar=10;\nfloat fvar=10.1;\n\nprintf(\"\nsizeof(ivar) : %d byte\",sizeof(ivar));\nprintf(\"\nsizeof(cvar) : %d bytes\",sizeof(cvar));\nprintf(\"\nsizeof(fvar) : %d bytes\",sizeof(fvar));\n}',1,'single choice',4,0,1,1,NULL,NULL,NULL,3),(472,8,48,'#include <stdio.h>\nint main() {\nint a = 16;\n   printf(\"size of variable a : %d\n\",sizeof(a));\n   printf(\"size of int data type : %d\n\",sizeof(int));\n   printf(\"size of char data type : %d\n\",sizeof(char));\n   printf(\"size of float data type : %d\n\",sizeof(float));\n   printf(\"size of double data type : %d\n\",sizeof(double));\n   return 0;\n}',1,'single choice',4,0,1,1,NULL,NULL,NULL,3),(473,8,48,'3) what is the output of c program with structure pointer in turboc.?\n\n\nint main()\n{\n    struct books{\n        int pages;\n        char str[4];\n    }*ptr;\n    printf(\"%d\",sizeof(ptr));\n    return 0;\n}',1,'single choice',4,0,1,1,NULL,NULL,NULL,3),(474,8,48,'What is the output of c program with structures.?\n\n\nint main()\n{\n    struct paint{\n        int type;\n        int color;\n    }p1, p2;\n    p1.type=1;\n    p1.color=5;\n    if(sizeof(p1)==sizeof(p2))\n    {\n        printf(\"same\");\n    }\n    else\n    {\n        printf(\"different\");\n    }\n    return 0;\n}',1,'single choice',4,0,1,1,NULL,NULL,NULL,3),(475,8,48,'What is the size of the below c structure in turboc?\n\n\nint main()\n{\n    struct books{\n        int pages;\n        char str[4];\n    }b;\n    printf(\"%d\",sizeof(b));\n    return 0;\n}',1,'single choice',4,0,1,1,NULL,NULL,NULL,3),(476,8,48,'Void main()\n{\n      char far *farther, *farthest;\n      printf(\"%d..%d\", sizeof(farther), sizeof(farthest));\n}',1,'single choice',4,0,1,1,NULL,NULL,NULL,3),(477,8,48,'Main()\n{\n      char *str1 = \"abcd\";\n      char str2[] = \"abcd\";\n      printf(\"%d %d %d\", sizeof(str1), sizeof(str2), sizeof(\"abcd\"));\n}',1,'single choice',4,0,1,1,NULL,NULL,NULL,3),(478,8,49,'Which of the following is true with respect to reference?',1,'single choice',4,0,1,1,NULL,NULL,NULL,2),(479,8,50,'What’s the meaning of following declaration in c language?\nint (*p)[5];',1,'single choice',4,0,1,1,NULL,NULL,NULL,2),(480,8,51,'Which of the following true about file *fp',1,'single choice',4,0,1,1,NULL,NULL,NULL,3),(481,9,52,'What is recurrence for worst case of quicksort and what is the time complexity in worst case?',1,'single choice',4,0,1,1,NULL,NULL,NULL,3),(482,9,52,'Which of the following is not a stable sorting algorithm in its typical implementation.',1,'single choice',4,0,1,1,NULL,NULL,NULL,3),(483,9,52,'Which of the following sorting algorithms in its typical implementation gives best performance when applied on an array which is sorted or almost sorted (maximum 1 or two elements are misplaced).',1,'single choice',4,0,1,1,NULL,NULL,NULL,3),(484,9,52,'Given an unsorted array. the array has this property that every element in array is at most k distance from its position in sorted array where k is a positive integer smaller than size of array. which sorting algorithm can be easily modified for sorting this array and what is the obtainable time complexity?',1,'single choice',4,0,1,1,NULL,NULL,NULL,3),(485,9,52,'Consider a situation where swap operation is very costly. which of the following sorting algorithms should be preferred so that the number of swap operations are minimized in general?',1,'single choice',4,0,1,1,NULL,NULL,NULL,3),(486,9,52,'Suppose we are sorting an array of eight integers using quicksort, and we have just finished the first partitioning with the array looking like this:\n2  5  1  7  9  12  11  10',1,'single choice',4,0,1,1,NULL,NULL,NULL,3),(487,9,52,'What is the best time complexity of bubble sort?',1,'single choice',4,0,1,1,NULL,NULL,NULL,3),(488,9,31,'What is the worst case run-time complexity of binary search algorithm?',1,'single choice',4,0,1,1,NULL,NULL,NULL,3),(489,9,31,'A circular linked list can be used for?',1,'single choice',4,0,1,1,NULL,NULL,NULL,3),(490,9,31,'Travelling salesman problem is an example of',1,'single choice',4,0,1,1,NULL,NULL,NULL,3),(491,9,31,'Which of the following has search effeciency of ο(1) −',1,'single choice',4,0,1,1,NULL,NULL,NULL,3),(492,9,31,'Recursion uses more memory space than iteration because',1,'single choice',4,0,1,1,NULL,NULL,NULL,3),(493,9,31,'The θ notation in asymptotic evaluation represents −',1,'single choice',4,0,1,1,NULL,NULL,NULL,3),(494,9,31,'From a complete graph, by removing maximum _______________ edges, we can construct a spanning tree.',1,'single choice',4,0,1,1,NULL,NULL,NULL,3),(495,9,53,'A linear list of elements in which deletion can be done from one end (front) and insertion can \ntake place only at the other end (rear) is known as a ?',1,'single choice',4,0,1,1,NULL,NULL,NULL,3),(496,9,53,'The data structure required for breadth first traversal on a graph is?',1,'single choice',4,0,1,1,NULL,NULL,NULL,3),(497,9,53,'A queue is a ?',1,'single choice',4,0,1,1,NULL,NULL,NULL,3),(498,9,53,'If the elements “a”, “b”, “c” and “d” are placed in a queue and are deleted one at a time, \nin what order will they be removed?',1,'single choice',4,0,1,1,NULL,NULL,NULL,3),(499,9,53,'In linked list implementation of a queue, where does a new element be inserted?',1,'single choice',4,0,1,1,NULL,NULL,NULL,3),(500,9,53,'A normal queue, if implemented using an array of size max_size, gets full when',1,'single choice',4,0,1,1,NULL,NULL,NULL,3),(501,9,53,'In linked list implementation of a queue, front and rear pointers are tracked. \nwhich of these pointers will change during an insertion into empty queue?',1,'single choice',4,0,1,1,NULL,NULL,NULL,3),(502,9,53,'Which one of the following is an application of queue data structure?',1,'single choice',4,0,1,1,NULL,NULL,NULL,3),(503,9,53,'In linked list implementation of queue, if only front pointer is maintained, which of the \nfollowing operation take worst case linear time?',1,'single choice',4,0,1,1,NULL,NULL,NULL,3),(504,9,53,'How many stacks are needed to implement a queue. consider the situation where no other \ndata structure like arrays, linked list is available to you.',1,'single choice',4,0,1,1,NULL,NULL,NULL,3),(505,9,54,'The space factor when determining the efficiency of algorithm is measured by',1,'single choice',4,0,1,1,NULL,NULL,NULL,3),(506,9,54,'What does it mean when we say that an algorithm x is asymptotically more efficient than y?',1,'single choice',4,0,1,1,NULL,NULL,NULL,3),(507,9,54,'Which algorithm is having highest space complexity?',1,'single choice',4,0,1,1,NULL,NULL,NULL,3),(508,9,55,'What is the time complexity of merge operation in merge sort algorithm, given the length of arrays being merged are \'m\' and \'n\' respectively?',1,'single choice',4,0,1,1,NULL,NULL,NULL,3),(509,9,55,'Worst case and best case complexity of bubble sort algorithm is',1,'single choice',4,0,1,1,NULL,NULL,NULL,2),(510,9,55,'What is the time complexity of following code:\nint a = 0, i = n;\nwhile (i > 0) {\n   a += i;\n   i /= 2;\n}',1,'single choice',4,0,1,1,NULL,NULL,NULL,3),(511,9,55,'What is the time complexity of this function -\ndef f(n):\n        if n == 0 or n == 1: return 1\n        return f(n - 1) + f(n - 2)',1,'single choice',4,0,1,1,NULL,NULL,NULL,2),(512,9,55,'Consider the following algorithm for building a heap of an input array a.\nbuild-heap(a) \n    heapsize := size(a); \n    for i := floor(heapsize/2) downto 1 \n        do heapify(a, i); \n    end for \nend\nwhat is the time complexity of this algorithm',1,'single choice',4,0,1,1,NULL,NULL,NULL,2),(513,9,55,'What is the time, space complexity of following code:\nint a = 0, b = 0; \nfor (i = 0; i < n; i++) { \n    a = a + random(); \n} \nfor (j = 0; j < m; j++) { \n    b = b + random(); \n} \n\nnote: random() generates random integer value',1,'single choice',4,0,1,1,NULL,NULL,NULL,2),(514,9,55,'The problem statement is defined like this -\na number \'n\' is taken and the task is to print the prime numbers less than n. for every prime number, it has to check the multiples of the prime and mark it as composite. this process continues until a value p which is the highest prime number less than n.\nwhat will be the best time complexity to design such an algorithm',1,'single choice',4,0,1,1,NULL,NULL,NULL,1),(515,9,56,'Consider a binary max-heap impleted using an array, which onle of following array represents a binary max heap:',1,'single choice',4,0,1,1,NULL,NULL,NULL,3),(516,9,56,'What is the contant of array after 2 delete opertaions on correct answer of above question:',1,'single choice',4,0,1,1,NULL,NULL,NULL,2),(517,9,56,'Consider the following array of elements:\n89,19,50,17,12,15,2,5,7,11,6,9,100\nthe minimum number of interchanges needed to convert it into a max heap is:',1,'single choice',4,0,1,1,NULL,NULL,NULL,2),(518,9,56,'The number of possible min-heaps containing each value from {1, 2, 3, 4, 5, 6, 7} exactly once is _______.',1,'single choice',4,0,1,1,NULL,NULL,NULL,1),(519,9,56,'Consider the following statements:\n \n  i.    the smallest element in a max-heap is always at a leaf node\n  ii.    the second largest element in a max-heap is always a child of the           root node\n  iii.    a max-heap can be constructed from a binary search tree in θ(n)\n          time\n  iv.    a binary search tree can be constructed from a max-heap in θ(n)\n          time\n\nwhich of the above statements are true?',1,'single choice',4,0,1,1,NULL,NULL,NULL,3),(520,9,57,'Which of following algorithm can be used to sort n integer in the range [1.....n^3] in o(n) time:',1,'single choice',4,0,1,1,NULL,NULL,NULL,2),(521,9,56,'The worst case complexity of deleting any arbitrary node value element from heap is',1,'single choice',4,0,1,1,NULL,NULL,NULL,3),(522,9,58,'Sparse matrix have---',1,'single choice',4,0,1,1,NULL,NULL,NULL,3),(523,9,58,'Which of the following property does not hold for matrix multiplication?',1,'single choice',4,0,1,1,NULL,NULL,NULL,2),(524,9,58,'What does the following piece of code do?\nfor(int i = 0; i < row; i++)\n{  \n    for(int j = 0; j < column; j++)\n    {\n        if(i == j)\n            sum = sum + (array[i][j]);\n    }\n}\nsystem.out.println(sum);',1,'single choice',4,0,1,1,NULL,NULL,NULL,2),(525,9,58,'Matrix a when multiplied with matrix c gives the identity matrix i, what is c?',1,'single choice',4,0,1,1,NULL,NULL,NULL,2),(526,9,58,'An adjacency matrix representation of a graph cannot contain information of',1,'single choice',4,0,1,1,NULL,NULL,NULL,2),(527,9,58,'If column-major order is used, how is the following matrix stored in memory?\na b c\nd e f\ng h i',1,'single choice',4,0,1,1,NULL,NULL,NULL,1),(528,9,58,'How do you allocate a matrix using a single pointer in c?(r and c are the number of rows and columns respectively)',1,'single choice',4,0,1,1,NULL,NULL,NULL,2),(529,9,59,'Consider an implementation of unsorted singly linked list. suppose it has its representation with a head pointer only.\ngiven the representation, which of the following operation can be implemented in o(1) time?',1,'multiple choice',4,0,1,1,NULL,NULL,NULL,1),(530,9,60,'Which of the following sorting algorithms can be used to sort a random linked list with minimum time complexity?',1,'single choice',4,0,1,1,NULL,NULL,NULL,3),(531,9,61,'In the worst case, the number of comparisons needed to search a singly linked list of length n for a given element is',1,'single choice',4,0,1,1,NULL,NULL,NULL,2),(532,9,62,'Travelling salesman problem is an example of which algorithm?',1,'single choice',4,0,1,1,NULL,NULL,NULL,3),(533,9,63,'Int i, j, k = 0; \nfor (i = n / 2; i <= n; i++) { \n    for (j = 2; j <= n; j = j * 2) { \n        k = k + n / 2; \n    } \n}',1,'single choice',4,0,1,1,NULL,NULL,NULL,1),(534,9,60,'The worst case complexity of quick sort is',1,'single choice',4,0,1,1,NULL,NULL,NULL,3),(535,9,64,'What is the number of edges present in a complete graph having n vertices?',1,'single choice',4,0,1,1,NULL,NULL,NULL,2),(536,9,65,'Convert prefix notation to infix notation:                                                      / / / / 16 4 2 1',1,'single choice',4,0,1,1,NULL,NULL,NULL,2),(537,9,64,'Which of the following is useful in traversing a given graph by bfs?',1,'single choice',4,0,1,1,NULL,NULL,NULL,3),(538,9,60,'Given two sorted list of size \'m\' and \'n\' respectively. the number of comparisons needed in the worst case by the merge sort algorithm will be:',1,'single choice',4,0,1,1,NULL,NULL,NULL,2),(539,9,63,'Find the complexity of the below program:\nfunction(int n) \n{ \n    if (n==1) \n       return; \n    for (int i=1; i<=n; i++) \n    { \n        for (int j=1; j<=n; j++) \n        { \n            printf(\"*\"); \n            break; \n        } \n    } \n}',1,'single choice',4,0,1,1,NULL,NULL,NULL,1),(540,9,66,'Elements in an array are accessed in which order?',1,'single choice',4,0,1,1,NULL,NULL,NULL,1),(541,9,66,'A program p reads in 500 integers in the range [0..100] representing the scores of 500 students. it then prints the frequency of each score above 50. what would be the best way for p to store the frequencies?',1,'single choice',4,0,1,1,NULL,NULL,NULL,1),(542,9,66,'Which of the following operations is not o(1) for an array of sorted data. you may assume that array elements are distinct.',1,'single choice',4,0,1,1,NULL,NULL,NULL,2),(543,9,67,'Consider an array consisting of –ve and +ve numbers. what would be the worst case time complexity of an algorithm to segregate the numbers having same sign altogether i.e all +ve on one side and then all -ve on the other ?',1,'single choice',4,0,1,1,NULL,NULL,NULL,2),(544,9,60,'A sorting algorithm which can prove to be a best time algorithm in one case and a worst time algorithm in worst case is',1,'single choice',4,0,1,1,NULL,NULL,NULL,2),(545,9,60,'Selection sort and quicksort both fall into the same category of sorting algorithms. what is this category?',1,'single choice',4,0,1,1,NULL,NULL,NULL,2),(546,9,68,'A linear collection of data elements where the linear node is given by means of pointer is called',1,'single choice',4,0,1,1,NULL,NULL,NULL,2),(547,9,69,'The five items: a,b,c,d and e are pushed in stack, one after the other starting from a. the stack is\n\nis popped four items and each element is inserted in a queue. then two elements are deleted from the queue and pushed back on the stack . now one item is popped from the stack.\n\nthe popped item is.',1,'single choice',4,0,1,1,NULL,NULL,NULL,2),(548,9,69,'Convert the infix to postfix for a-(b+c)*(d/e)',1,'single choice',4,0,1,1,NULL,NULL,NULL,1),(549,9,63,'Two main measures for the efficiency of an algorithm are',1,'single choice',4,0,1,1,NULL,NULL,NULL,2),(550,9,70,'Which of the following is not true about comparison based sorting algorithms?',1,'single choice',4,0,1,1,NULL,NULL,NULL,2),(551,9,70,'You have to sort 1 gb of data with only 100 mb of available main memory. which sorting technique will be most appropriate?',1,'single choice',4,0,1,1,NULL,NULL,NULL,1),(552,9,70,'Which of the following is not an in-place sorting algorithm?',1,'single choice',4,0,1,1,NULL,NULL,NULL,2),(553,9,70,'What is the advantage of bubble sort over other sorting techniques?',1,'single choice',4,0,1,1,NULL,NULL,NULL,2),(554,9,70,'The complexity of sorting algorithm measures the …… as a function of the number n of items to be sorter.',1,'single choice',4,0,1,1,NULL,NULL,NULL,2),(555,9,70,'Suppose we are sorting an array of eight integers using quicksort, and we have just finished the first partitioning with the array looking like this:\n    2 5 1 7 9 12 11 10\n    which statement is correct?',1,'single choice',4,0,1,1,NULL,NULL,NULL,1),(556,9,64,'A directed graph is ………………. if there is a path from each vertex to every other vertex in the digraph',1,'single choice',4,0,1,1,NULL,NULL,NULL,2),(557,9,60,'Which of the following is not the internal sort?',1,'single choice',4,0,1,1,NULL,NULL,NULL,3),(558,9,71,'A data structure where elements can be added or removed at either end but not in the middle is called',1,'single choice',4,0,1,1,NULL,NULL,NULL,3),(559,9,72,'In a priority queue, insertion and deletion takes place at …',1,'single choice',4,0,1,1,NULL,NULL,NULL,3),(560,9,73,'In general, the binary search method needs no more than ……………. comparisons.',1,'single choice',4,0,1,1,NULL,NULL,NULL,2),(561,9,59,'Predict output of following program\n#include <stdio.h>\n \nint fun(int n)\n{\n    if (n == 4)\n       return n;\n    else return 2*fun(n+1);\n}\n \n \nint main()\n{\n   printf(\"%d \", fun(2));\n   return 0;\n}',1,'single choice',4,0,1,1,NULL,NULL,NULL,2),(562,9,74,'Which of the following standard algorithms is not a greedy algorithm?',1,'single choice',4,0,1,1,NULL,NULL,NULL,3),(563,9,75,'Which one of the following is an application of stack data structure?',1,'single choice',4,0,1,1,NULL,NULL,NULL,2),(564,10,76,'S1: a foreign key declaration can always \n        be replaced by an equivalent check\n        assertion in sql.\n    s2: given the table r(a,b,c) where a and\n        b together form the primary key, the \n        following is a valid table definition.\n        create table s (\n            a integer,\n            d integer,\n            e integer,\n            primary key (d),\n            foreign key (a) references r)    which one of the following statements is correct?',1,'single choice',4,0,1,1,NULL,NULL,NULL,2),(565,10,77,'Which of the following command is used to delete a table in sql?',1,'single choice',4,0,1,1,NULL,NULL,NULL,3),(566,10,77,'In sql, __________ is an aggregate function.',1,'single choice',4,0,1,1,NULL,NULL,NULL,3),(567,10,77,'Which of the given options define a transaction correctly?',1,'single choice',4,0,1,1,NULL,NULL,NULL,3),(568,10,77,'Data which improves the performance and accessibility of the database are called:',1,'single choice',4,0,1,1,NULL,NULL,NULL,3),(569,11,28,'What is the use of <hr/> tag?',1,'single choice',4,0,1,1,NULL,NULL,NULL,3),(570,11,28,'Which is not the attribute of <meta> element?',1,'single choice',4,0,1,1,NULL,NULL,NULL,2),(571,11,28,'The element which simply groups items within an enclosed dd tag, though it may associate them with a caption defined by a dt tag.',1,'single choice',4,0,1,1,NULL,NULL,NULL,2),(572,11,28,'Which tag is used to encapsulate navigation and then style the elements appropriately as menu items?',1,'single choice',4,0,1,1,NULL,NULL,NULL,2),(573,11,28,'Which element(s) represents a section of a document that links to other documents?',1,'single choice',4,0,1,1,NULL,NULL,NULL,3),(574,11,28,'Which of the following statement is true?',1,'single choice',4,0,1,1,NULL,NULL,NULL,1),(575,11,28,'Which of the following are table tags?',1,'single choice',4,0,1,1,NULL,NULL,NULL,3),(576,11,28,'Choose the correct html for width attribute and its value.',1,'single choice',4,0,1,1,NULL,NULL,NULL,3),(577,11,28,'What is the tag used for making character appearance bold?',1,'single choice',4,0,1,1,NULL,NULL,NULL,3),(578,11,28,'What tag tells the browser where the page starts and stops ?',1,'single choice',4,0,1,1,NULL,NULL,NULL,3),(579,11,28,'Which property will open a page in a new window?',1,'single choice',4,0,1,1,NULL,NULL,NULL,3),(580,11,28,'What is the correct html tag for inserting a line break?',1,'single choice',4,0,1,1,NULL,NULL,NULL,3),(581,11,28,'We use <td> and </td>to add what to your tables?',1,'single choice',4,0,1,1,NULL,NULL,NULL,3),(582,11,28,'What provides additional information to html elements.',1,'single choice',4,0,1,1,NULL,NULL,NULL,3),(583,11,28,'Which attribute value must be unique within the html document',1,'single choice',4,0,1,1,NULL,NULL,NULL,3),(584,11,28,'Which html element is used to display a web page within a web page?',1,'single choice',4,0,1,1,NULL,NULL,NULL,3),(585,11,28,'The <title> tag belongs where in your html ?',1,'single choice',4,0,1,1,NULL,NULL,NULL,3),(586,11,28,'Which element represent some form of extra details such as a revealed region that may be shown to user?',1,'single choice',4,0,1,1,NULL,NULL,NULL,2),(587,11,28,'If an open tag looked like this: <div id=\'mydiv\' class=\'myclass\'>, what would the closing tag look like?',1,'single choice',4,0,1,1,NULL,NULL,NULL,3),(588,12,78,'How many identifiers are present in following piece of code?\n\npublic static void main(string[] args) {\n}',1,'single choice',4,0,1,1,NULL,NULL,NULL,3),(589,12,78,'What will be the outcome of the following piece of code?\n\npublic static void main(string[] args) {\n        byte b =127;\n        b = b + 1;\n        system.out.println(b);\n}',1,'single choice',4,0,1,1,NULL,NULL,NULL,2),(590,12,78,'What will be the outcome of the following piece of code?\n\n        public static void main(string[] args) {\n		switch (2) {\n		default:\n			system.out.println(1);\n			break;\n		case 1:\n			system.out.println(2);\n		case 2:\n			system.out.println(3);\n		case 3:\n			system.out.println(4);\n		}\n        }',1,'single choice',4,0,1,1,NULL,NULL,NULL,3),(591,12,78,'Choose the correct java reserved word(s):',1,'multiple choice',4,0,1,1,NULL,NULL,NULL,3),(592,12,78,'What is the size of the space occupied by boolean type variable?',1,'single choice',4,0,1,1,NULL,NULL,NULL,3),(593,12,78,'What will be the output of the following piece of code?\n\n        public static void main(string[] args) {\n                for (;;) {\n                        system.out.println(main);\n                }\n        }',1,'single choice',4,0,1,1,NULL,NULL,NULL,3),(594,12,78,'Which of the following is a java interface?',1,'multiple choice',4,0,1,1,NULL,NULL,NULL,2),(595,12,78,'Which of the following is a valid declaration of a char?',1,'single choice',4,0,1,1,NULL,NULL,NULL,3),(596,12,78,'What is the return type of the hashcode() method in the object class?',1,'single choice',4,0,1,1,NULL,NULL,NULL,3),(597,12,78,'What does the following expression return?\n\nfloat a = 35 / 0;',1,'single choice',4,0,1,1,NULL,NULL,NULL,3),(598,12,79,'Which of these statement is incorrect?',1,'single choice',4,0,1,1,NULL,NULL,NULL,2),(599,12,79,'What will be the output of the following java program?\n    class main_class \n    {\n        public static void main(string args[])\n        {\n            int x = 9;\n            if (x == 9) \n            { \n                int x = 8;\n                system.out.println(x);\n            }\n        } \n    }',1,'single choice',4,0,1,1,NULL,NULL,NULL,2),(600,12,79,'What would be the behaviour if this() and super() used in a method?',1,'single choice',4,0,1,1,NULL,NULL,NULL,2),(601,12,79,'Which of the following has the highest memory requirement?',1,'single choice',4,0,1,1,NULL,NULL,NULL,2),(602,12,79,'Which of these can be overloaded?',1,'single choice',4,0,1,1,NULL,NULL,NULL,2),(603,12,79,'What is the process of defining a method in terms of itself, that is a method that calls itself?',1,'single choice',4,0,1,1,NULL,NULL,NULL,2),(604,12,79,'Which of these cannot be declared static?',1,'single choice',4,0,1,1,NULL,NULL,NULL,2),(605,12,79,'Which of these data types is used by operating system to manage the recursion in java?',1,'single choice',4,0,1,1,NULL,NULL,NULL,2),(606,12,80,'Which of these method can be used to increase the capacity of arraylist object manually?',1,'single choice',4,0,1,1,NULL,NULL,NULL,2),(607,12,80,'How to externally synchronize hashmap?',1,'single choice',4,0,1,1,NULL,NULL,NULL,2),(608,12,80,'What is the difference between treeset and sortedset?',1,'single choice',4,0,1,1,NULL,NULL,NULL,2),(609,12,80,'Which of these method map class is used to obtain an element in the map having specified key?',1,'single choice',4,0,1,1,NULL,NULL,NULL,2),(610,12,80,'What will be the output of the following java program?\n import java.util.*;\n    class maps \n    {\n        public static void main(string args[]) \n        {\n            treemap obj = new treemap();\n            obj.put(\"a\", new integer(1));\n            obj.put(\"b\", new integer(2));\n            obj.put(\"c\", new integer(3));\n            system.out.println(obj.entryset());\n        }\n    }',1,'single choice',4,0,1,1,NULL,NULL,NULL,2),(611,12,81,'Which of these keywords is not a part of exception handling?',1,'single choice',4,0,1,1,NULL,NULL,NULL,2),(612,12,81,'What will be the output of the following java program?\n\n class exception_handling \n    {\n        public static void main(string args[]) \n        {\n            try \n            {\n                system.out.print(\"hello\" + \" \" + 1 / 0);\n            }\n            catch(arithmeticexception e) \n            {\n        	system.out.print(\"world\");        	\n            }\n        }\n    }',1,'single choice',4,0,1,1,NULL,NULL,NULL,2),(613,12,81,'What will be the output of the following java program?\n\nclass exception_handling \n    {\n        public static void main(string args[]) \n        {\n            try \n            {\n                int i, sum;\n                sum = 10;\n                for (i = -1; i < 3 ;++i)\n                    sum = (sum / i);\n            }\n            catch(arithmeticexception e) \n            {\n        	system.out.print(\"0\");        	\n            } \n            system.out.print(sum);\n        }\n    }',1,'single choice',4,0,1,1,NULL,NULL,NULL,2),(614,12,81,'What will be the output of the following java code?\n\nublic class san \n {  \n    public static void main(string[] args) \n    {\n        try \n        { \n            return; \n        } \n        finally \n        {\n            system.out.println( \"finally\" ); \n        } \n    } \n}',1,'single choice',4,0,1,1,NULL,NULL,NULL,2),(615,12,81,'Which of these keywords are used for generating an exception manually?',1,'single choice',4,0,1,1,NULL,NULL,NULL,2),(616,12,81,'What will be the output of the following java code?\n\nclass output \n    {\n        public static void main(string args[]) \n        {\n           try\n           {\n               int a = 0;\n               int b = 5;\n               int c = b / a;\n               system.out.print(\"hello\");\n           }\n           catch(exception e) \n           {\n               system.out.print(\"world\");\n           } \n           finally \n           {\n               system.out.print(\"world\");\n           } \n        }\n    }',1,'single choice',4,0,1,1,NULL,NULL,NULL,2),(617,12,28,'Which of the following is true about typeof operator in javascript?',1,'single choice',4,0,1,1,NULL,NULL,NULL,3),(618,12,28,'Which of the following is the correct syntax to print a page using javascript?',1,'single choice',4,0,1,1,NULL,NULL,NULL,3),(619,12,28,'Which of the following is correct about callbacks?',1,'single choice',4,0,1,1,NULL,NULL,NULL,2),(620,12,28,'Which built-in method returns the characters in a string beginning at the specified location?',1,'single choice',4,0,1,1,NULL,NULL,NULL,2),(621,12,28,'Which of the following function of boolean object returns the primitive value of the boolean object?',1,'single choice',4,0,1,1,NULL,NULL,NULL,2),(622,12,28,'What will happen if we call settimeout() with a time of 0 ms?',1,'single choice',4,0,1,1,NULL,NULL,NULL,1),(623,12,28,'Window.location === document.location',1,'single choice',4,0,1,1,NULL,NULL,NULL,2),(624,12,28,'Function getcube()\n{  \n    var number=document.getelementbyid(\"number\").value;  \n    alert(number*number*number);  \n}\n<form>  \n     enter no:<input type=\"text\" id=\"number\" value=\"3\" name=\"number\"/><br/>  \n     <input type=\"button\"  value=\"ok\" onclick=\"getcube()\"/>  \n</form>',1,'single choice',4,0,1,1,NULL,NULL,NULL,2),(625,12,28,'Function validate() \n{  \n    var msg;  \n    if(document.myform.userpass.value.length>5)\n    {  \n        msg=\"good\";  \n    }  \n    else\n    {  \n         msg=\"poor\";  \n    }  \n    document.getelementbyid(\'mylocation\').innertext=msg;  \n}  \n<form name=\"myform\">  \n<input type=\"password\" value=\"rhuld\"  onkeyup=\"validate()\">  \nstrength:<span id=\"mylocation\">no strength</span>  \n</form>',1,'single choice',4,0,1,1,NULL,NULL,NULL,2),(626,12,28,'Which function among the following lets to register a function to be invoked once?',1,'single choice',4,0,1,1,NULL,NULL,NULL,2),(627,12,78,'Which of the following option leads to the portability and security of java?',1,'multiple choice',4,0,1,1,NULL,NULL,NULL,1),(628,12,82,'Try \n{ \n    int x = 0; \n    int y = 5 / x; \n} \ncatch (exception e) \n{\n    system.out.println(\"exception\"); \n} \ncatch (arithmeticexception ae) \n{\n    system.out.println(\" arithmetic exception\"); \n} \nsystem.out.println(\"finished\");',1,'single choice',4,0,1,1,NULL,NULL,NULL,1),(629,12,78,'Which of the following statements are correct for final keyword?',1,'single choice',4,0,1,1,NULL,NULL,NULL,1),(630,12,83,'Which of the following statements are correct for garbage collection in java?',1,'multiple choice',4,0,1,1,NULL,NULL,NULL,1),(631,12,84,'What is volatile key word in java?',1,'single choice',3,0,1,1,NULL,NULL,NULL,1),(632,12,78,'Which of the ways are correct for creating string in java?',1,'single choice',4,0,1,1,NULL,NULL,NULL,1),(633,12,78,'String created by , string str=\"hello!\"; are stored in -',1,'single choice',4,0,1,1,NULL,NULL,NULL,1),(634,12,82,'Which of the following is a super class of all exception \ntype classes?',1,'single choice',4,0,1,1,NULL,NULL,NULL,1),(635,12,66,'Import java.util.*;\n    class arraylist \n    {\n        public static void main(string args[]) \n        {\n            arraylist obj = new arraylist();\n            obj.add(\"a\");\n            obj.add(\"b\");\n            obj.add(\"c\");\n            obj.add(1, \"d\");\n            system.out.println(obj);\n        }\n    }',1,'single choice',4,0,1,1,NULL,NULL,NULL,1),(636,12,82,'Exception that is checked by compiler at compile time are callled as __________.',1,'single choice',4,0,1,1,NULL,NULL,NULL,2),(637,12,82,'Which is not checked exception from the following?',1,'single choice',4,0,1,1,NULL,NULL,NULL,1),(638,12,78,'What is default value of int local variable?',1,'single choice',4,0,1,1,NULL,NULL,NULL,1),(639,12,78,'Which are not memory area allocated  by jvm ?',1,'single choice',4,0,1,1,NULL,NULL,NULL,1),(640,12,78,'What is output of the following code ? \n\npublic static class test {\n\n     public static void main(string srgs[]){\n           \n          system.out.println(10+20+\"hello\");\n     }\n}',1,'single choice',4,0,1,1,NULL,NULL,NULL,1),(641,12,78,'Which of the following is faster, stringbuilder or stringbuffer?',1,'single choice',4,0,1,1,NULL,NULL,NULL,2),(642,12,85,'Which is a valid declarations of a string?',1,'single choice',4,0,1,1,NULL,NULL,NULL,2),(643,12,78,'An interface with no fields or methods is known ?',1,'single choice',4,0,1,1,NULL,NULL,NULL,1),(644,12,82,'What do you mean by chained exceptions in java?',1,'single choice',4,0,1,1,NULL,NULL,NULL,1),(645,12,78,'What will be the output of the following program?                                 public class test2 {  \n    public static void main(string[] args) {  \n        stringbuffer s1 = new stringbuffer(\"complete\");  \n        s1.setcharat(1,\'i\');  \n        s1.setcharat(7,\'d\');  \n        system.out.println(s1);  \n     }  \n }',1,'single choice',4,0,1,1,NULL,NULL,NULL,1),(646,12,82,'Class exception_handling \n    {\n        public static void main(string args[]) \n        {\n            try \n            {\n                int i, sum;\n                sum = 10;\n                for (i = -1; i < 3 ;++i)\n                    sum = (sum / i);\n            }\n            catch(arithmeticexception e) \n            {\n        	system.out.print(\"0\");        	\n            } \n            system.out.print(sum);\n        }\n    }',1,'single choice',4,0,1,1,NULL,NULL,NULL,2),(647,12,78,'Class base{\n	int value = 0;\n        base(){\n        	addvalue();\n        }\n        void addvalue(){\n        	value += 10;\n        }\n        int getvalue(){\n        	return value;\n        }\n}\nclass derived extends base{\n	derived(){\n		addvalue();\n	}\n	void addvalue(){\n		value +=  20;\n	}\n}\npublic class test{\n	public static void main(string[] args){\n		base b = new derived();\n		system.out.println(b.getvalue());\n	}\n}',1,'single choice',4,0,1,1,NULL,NULL,NULL,2),(648,12,78,'Class rectangle{\n      public int area(int length, int width){\n            return  length*width;\n      }\n}\nclass square extends rectangle{\n      public int area(long length, long width){\n            return  (int) math.pow(length, 2);\n      }\n}\npublic class client{\n      public static void main(string args[]){\n            square r = new square();\n            system.out.println(r.area(5l , 4l));\n      }\n}',1,'single choice',4,0,1,1,NULL,NULL,NULL,2),(649,12,78,'Public class first_c {  \n      public void mymethod()   \n    {  \n    system.out.println(\"method\");  \n    }  \n      \n    {  \n    system.out.println(\" instance block\");  \n    }  \n          \n    public void first_c()  \n    {  \n    system.out.println(\"constructor \");  \n    }  \n    static {  \n        system.out.println(\"static block\");  \n    }  \n    public static void main(string[] args) {  \n    first_c c = new first_c();  \n    c.first_c();  \n    c.mymethod();  \n  }  \n}       what should be the order of execution?',1,'single choice',4,0,1,1,NULL,NULL,NULL,2),(650,12,82,'Try \n{ \nint x = 0; \nint y = 5 / x; \n} \ncatch (exception e) \n{\nsystem.out.println(\"exception\"); \n} \ncatch (arithmeticexception ae) \n{\nsystem.out.println(\" arithmetic exception\"); \n} \nsystem.out.println(\"finished\");',1,'single choice',4,0,1,1,NULL,NULL,NULL,1),(651,12,82,'What happens when exception is thrown by main method?',1,'single choice',4,0,1,1,NULL,NULL,NULL,1),(652,12,86,'Can we call super class static method in sub class\n and  override it ?',1,'single choice',4,0,1,1,NULL,NULL,NULL,1),(653,12,87,'What is the output of the following code?\nint f=1, i=2;\nwhile(++i<5)\n f*= i;\nsystem.out.println(f);',1,'single choice',4,0,1,1,NULL,NULL,NULL,1),(654,12,78,'Is the program valid ? if yes then what will be the output?  \npublic class sample { \n public static void main(string[] args) \n {  int  $_ = 5;\n  system.out.println($_); \n  system.out.println(\'s\' + \'a\' + \'m\' + \'p\'+\' l \'+ \'e\'); \n } \n}',1,'single choice',4,0,1,1,NULL,NULL,NULL,1),(655,12,78,'What is the output of this code?                                                            class base{\n        int value = 0;\n        base(){\n            addvalue();\n            }\n            void addvalue(){ value+=10;}\n            int getvalue(){ return value;}\n        }\n        class derived extends base{\n            derived(){ addvalue();}\n            void addvalue(){ value+=20;}\n        }\n        public class test{\n            public static void main(string[] args){\n                base b=new derived();\n                system.out.println(b.getvalue());\n            }\n        }',1,'single choice',4,0,1,1,NULL,NULL,NULL,1),(656,12,78,'Class boo \n{\n    boo(string s) { }\n    boo() { }\n}\nclass bar extends boo \n{\n    bar() { }\n    bar(string s) {super(s);}\n    void zoo() \n    {\n    // insert code here\n    }\n}\n\nwhich one create an anonymous inner class from within class bar?',1,'single choice',4,0,1,1,NULL,NULL,NULL,1),(657,12,78,'Which  statements is true for any concrete class implementing the java.lang.runnable interface?',1,'single choice',4,0,1,1,NULL,NULL,NULL,1),(658,12,88,'Abstract class demo \n{ \n    public int a; \n    demo(){a = 10;}  \n    abstract public void set(); \n    abstract final public void get(); \n} \nclass test extends demo \n{ \n    public void set(int a){ \n        this.a = a; \n    } \n  \n    final public void get(){ \n        system.out.println(\"a = \" + a); \n    } \n    public static void main(string[] args) \n    { \n        test obj = new test(); \n        obj.set(20); \n        obj.get(); \n    } \n}',1,'single choice',4,0,1,1,NULL,NULL,NULL,1),(659,12,82,'Class nesting {  \n    public static void main(string args[]) \n    { \n        // main-try-block \n        try { \n  \n            // try-block2 \n            try { \n  \n                // try-block3 \n                try { \n                    int arr[] = { 1, 2, 3, 4 }; \n                    system.out.println(arr[10]); \n                } catch (arithmeticexception e) { \n                    system.out.println(\"arithmetic exception\"); \n                    system.out.println(\" try-block3\"); \n                } \n            } catch (arithmeticexception e) { \n                system.out.println(\"arithmetic exception\"); \n                system.out.println(\" try-block2\"); \n            } \n        }catch (arrayindexoutofboundsexception e4) { \n            system.out.print(\"arrayindexoutofboundsexception\"); \n            system.out.println(\" main try-block\");\n        }catch (exception e5) { \n            system.out.print(\"exception\"); \n            system.out.println(\"main try-block\"); \n        } \n    } \n}',1,'single choice',4,0,1,1,NULL,NULL,NULL,1),(660,12,85,'Which of these class is used to create an object whose character sequence is mutable?',1,'single choice',4,0,1,1,NULL,NULL,NULL,1),(661,12,78,'Can we overload the main() method?',1,'single choice',2,0,1,1,NULL,NULL,NULL,3),(662,12,78,'What will be the output of the below code:\npublic class infoobjects { \n    public static void main(string[] args) \n    { \n        system.out.println(\'j\' + \'a\' + \'v\' + \'a\'); \n    } \n}',1,'single choice',4,0,1,1,NULL,NULL,NULL,2),(663,12,78,'Treemap uses which data structure to store nodes ?',1,'single choice',4,0,1,1,NULL,NULL,NULL,1),(664,12,78,'What will be the output of the below code:\npublic class mytest {\n public static void main(string[] args) {\n  int i = 10 + + 11 - - 12 + + 13 - - 14 + + 15;\n  system.out.println(i);\n  }\n}',1,'single choice',4,0,1,1,NULL,NULL,NULL,2),(665,12,89,'What is the type of variable ‘b’ and ‘d’ in the following java snippet?\n\nint a[], b;\nint []c, d;',1,'single choice',4,0,1,1,NULL,NULL,NULL,1),(666,12,59,'Class recursion \n    {\n        int func (int n) \n        {\n            int result;\n            result = func (n - 1);\n            return result;\n        }\n    } \n    class output \n    {\n        public static void main(string args[]) \n        {\n            recursion obj = new recursion() ;\n            system.out.print(obj.func(12));\n        }\n    }',1,'single choice',4,0,1,1,NULL,NULL,NULL,1),(667,12,66,'Where is an array stored in memory?',1,'single choice',4,0,1,1,NULL,NULL,NULL,1),(668,12,78,'From the following statements which is a disadvantage of an java array?',1,'single choice',4,0,1,1,NULL,NULL,NULL,1),(669,12,78,'Which class is thread-safe i.e. multiple threads cannot access it simultaneously,so it is safe and will result in an order?',1,'single choice',4,0,1,1,NULL,NULL,NULL,1),(670,12,78,'Public class test \n{ \n    public static void main(string[] args) \n    { \n        stringbuilder s1 = new stringbuilder(\"java\"); \n        string s2 = \"love\"; \n        s1.append(s2); \n        s1.substring(4); \n        int foundat = s1.indexof(s2); \n        system.out.println(foundat); \n    } \n} find the output of the program',1,'single choice',4,0,1,1,NULL,NULL,NULL,1),(671,12,87,'Public class sample{             \n    public static void main(string[] args){         \n              int count=1;\n              while(count <= 15){\n                        system.out.println(count % 2 == 1 ? \"***\" : \"+++++\");  \n                        ++count;\n              }\n   }\n}',1,'single choice',4,0,1,1,NULL,NULL,NULL,1),(672,12,90,'Which of the following is true about interfaces in java?',1,'multiple choice',4,0,1,1,NULL,NULL,NULL,1),(673,12,91,'Public class myfirst {  \n      public static void main(string[] args) {  \n         myfirst obj = new myfirst(n);  \n }  \n static int a = 10;  \n static int n;  \n int b = 5;  \n int c;  \n public myfirst(int m) {  \n       system.out.println(a + \", \" + b + \", \" + c + \", \" + n + \", \" + m);  \n   }  \n// instance block  \n  {  \n     b = 30;  \n     n = 20;  \n  }   \n// static block  \n  static   \n{  \n          a = 60;  \n     }   \n }',1,'single choice',4,0,1,1,NULL,NULL,NULL,1),(674,13,92,'Considering values of a confusion matrix, which of the given combinations is wrong.',1,'single choice',4,0,1,1,NULL,NULL,NULL,3),(675,13,93,'Assume that there are 10000 documents in a collection. out of these, 50 documents contain the terms “difficult task”. if “difficult task” appears 3 times in a particular document, what is the tfidf value of the terms for that document?',1,'single choice',4,0,1,1,NULL,NULL,NULL,3),(676,13,93,'In an hmm, observation likelihoods measure',1,'single choice',4,0,1,1,NULL,NULL,NULL,3),(677,13,94,'If a positively skewed distribution has a median of 50, which of the following statements are true?',1,'multiple choice',4,0,1,1,NULL,NULL,NULL,3),(678,13,94,'What happens to the confidence interval when we introduce some outliers to the data?',1,'single choice',4,0,1,1,NULL,NULL,NULL,2),(679,13,95,'Assume a corpus with 350 tokens in it. we have 20 word types in that corpus (v = 20). the frequency (unigram count) of word types “short” and “fork” are 25 and 15 respectively. if we are using the laplace smoothing, which of the following is laplace probability of “fork”?',1,'single choice',4,0,1,1,NULL,NULL,NULL,2),(680,13,92,'Which of thestatements is true for gradient decent (gd) and stochastic gradient decent (sgd)?',1,'single choice',4,0,1,1,NULL,NULL,NULL,2),(681,13,92,'Suppose pca and t-sne algorithms are applied on data “x” for dimentionality reduction, and the datasets derived are “x_projected_pca” , “x_projected_tsne”.\nwhich of the following statements is true for “x_projected_pca” & “x_projected_tsne” ?',1,'single choice',4,0,1,1,NULL,NULL,NULL,2),(682,13,96,'Which of the following statement is the best description of early stopping?',1,'single choice',4,0,1,1,NULL,NULL,NULL,2),(683,13,97,'Let’s say you are tuning a hyper-parameter “max_depth” for gbm by selecting it from 10 different depth values (values are greater than 2) for tree based model using 5-fold cross validation.\ntime taken by an algorithm for training (on a model with max_depth 2) 4-fold is 10 seconds and for the prediction on remaining 1-fold is 2 seconds.\nwhich of the following option is true based on this information?',1,'single choice',4,0,1,1,NULL,NULL,NULL,1),(684,13,97,'Suppose a dataset can be trained with 100% accuracy with help of a decision tree of depth 6. all other hyper parameters are same and other factors are not affected. choose the correct option based on this information.',1,'single choice',4,0,1,1,NULL,NULL,NULL,1),(685,13,98,'Let’s say, you are using activation function x in hidden layers of neural network. at a particular neuron for any given input, you get the output as “-0.0001”. which of the following activation function could x represent?',1,'single choice',4,0,1,1,NULL,NULL,NULL,2),(686,14,99,'A derived class can stop virtual inheritance by declaring an override as\n\na.        inherits\nb.        extends\nc.        inheritable\nd.        not inheritable\ne.        sealed',1,'single choice',4,0,1,1,NULL,NULL,NULL,3),(687,14,28,'What is the output of following code ? \npublic class b : a{ }',1,'single choice',4,0,1,1,NULL,NULL,NULL,2),(688,14,28,'What is accessibility modifier \" protected internal\"?',1,'single choice',4,0,1,1,NULL,NULL,NULL,2),(689,14,28,'Which of the following is \"not\" performed by garbage collector ?\n1) freeing memory on stack\n2) avoiding memory leaks\n3) freeing memory occupied by unreferenced object\n4) closing unclosed db collection\n5) closing unclosed files',1,'single choice',4,0,1,1,NULL,NULL,NULL,2),(690,15,100,'Node.js is a',1,'single choice',3,0,1,1,NULL,NULL,NULL,1),(691,15,100,'You may need to run this everytime you manually add a dependency to your package.',1,'single choice',4,0,1,1,NULL,NULL,NULL,1),(692,15,100,'How can we create instance of http module ?',1,'single choice',4,0,1,1,NULL,NULL,NULL,1),(693,15,101,'Which of the following class is used to create and consume custom events in node.js',1,'single choice',4,0,1,1,NULL,NULL,NULL,2),(694,15,28,'What is the default scope in node.js application',1,'single choice',4,0,1,1,NULL,NULL,NULL,2),(695,15,28,'What is the output of following code ? \nvar test = null;\nconsole.log(test)\nconsole.log(typeof test)',1,'single choice',4,0,1,1,NULL,NULL,NULL,1),(696,15,102,'Which of the following module is required for exception handling in node?',1,'single choice',4,0,1,1,NULL,NULL,NULL,2),(697,15,103,'What is use of underscore variable in repl session?',1,'single choice',4,0,1,1,NULL,NULL,NULL,2),(698,16,104,'Suppose t = (1, 2, 4, 3), which of the following is incorrect?',1,'single choice',4,0,1,1,NULL,NULL,NULL,2),(699,16,105,'Which of the following are correct ways to use a dictionary? select all that apply:',1,'multiple choice',4,0,1,1,NULL,NULL,NULL,2),(700,16,105,'Which of the following are correct dictionary comprehensions?',1,'multiple choice',4,0,1,1,NULL,NULL,NULL,2),(701,16,105,'Which one of the following methods can’t be used to iterate over items in a dictionary?',1,'single choice',4,0,1,1,NULL,NULL,NULL,1),(702,16,106,'From functools import reduce\nnumbers = [1, 2, 3]\nreduce(lambda x, y: x + y, numbers)\n\nwhat is the output when you run the code?',1,'single choice',4,0,1,1,NULL,NULL,NULL,2),(703,16,106,'Numbers = [1, 2, 3]\n\nwhich of the following would produce the result: [2]\n\nselect all that apply:',1,'multiple choice',4,0,1,1,NULL,NULL,NULL,2),(704,16,84,'How many cpus (or cores) will the python threading library take advantage of simultaneously?',1,'single choice',4,0,1,1,NULL,NULL,NULL,2),(705,16,84,'What does the thread.join() method do?',1,'single choice',4,0,1,1,NULL,NULL,NULL,1),(706,16,84,'Race conditions are...',1,'single choice',4,0,1,1,NULL,NULL,NULL,1),(707,16,84,'Why is it a good idea to use a threadpoolexecutor as a context manager when you can?',1,'single choice',4,0,1,1,NULL,NULL,NULL,1),(708,16,68,'Which of the following are true of python lists?',1,'multiple choice',4,0,1,1,NULL,NULL,NULL,2),(709,16,31,'Which of the following data types is not supported in python',1,'single choice',4,0,1,1,NULL,NULL,NULL,3),(710,16,107,'What is the output of the following program : \n\nimport re\nsentence = \'horses are fast\'\nregex = re.compile(\'(?p<animal>w+) (?p<verb>w+) (?p<adjective>w+)\')\nmatched = re.search(regex, sentence)\nprint(matched.groupdict())',1,'single choice',4,0,1,1,NULL,NULL,NULL,1),(711,16,31,'What will be the output of the following code :\nprint type(type(int))',1,'single choice',4,0,1,1,NULL,NULL,NULL,2),(712,16,31,'What is the output of the following program :\nprint \"hello world\"[::-1]',1,'single choice',4,0,1,1,NULL,NULL,NULL,3),(713,16,108,'What does ~~~~~~~5 evaluate to?',1,'single choice',4,0,1,1,NULL,NULL,NULL,1),(714,16,31,'Which of the following is correct about python?',1,'multiple choice',4,0,1,1,NULL,NULL,NULL,3),(715,16,109,'Best way to import the pandas module in your program ?',1,'multiple choice',4,0,1,1,NULL,NULL,NULL,2),(716,16,87,'What is the output of the following loop\nfor l in \'jhon\':\n   if l == \'o\':\n      pass\n   print(l, end=\", \")',1,'single choice',4,0,1,1,NULL,NULL,NULL,2),(717,16,110,'Which of the following function gets a space-padded string with the original string left-justified to a total of width columns?',1,'single choice',4,0,1,1,NULL,NULL,NULL,1),(718,16,105,'What is the output of the following program?\nd = {1 : {\'a\' : {1 : \"a\"}, 2 : \"b\"}, 3 :\"c\", \'b\' : \"d\", \"d\": \'e\'}\nprint(d[d[d[1][2]]], end = \" \")\nprint(d[d[1][\"a\"][2]])',1,'single choice',4,0,1,1,NULL,NULL,NULL,1),(719,16,105,'What is the output of the following program?\nd = dict()\nfor x in enumerate(range(2)):\nd[x[0]] = x[1]\nd[x[1]+7] = x[0]\nprint(d)',1,'single choice',4,0,1,1,NULL,NULL,NULL,1),(720,16,31,'Which statement is correct',1,'single choice',4,0,1,1,NULL,NULL,NULL,3),(721,16,108,'What will be the output of 7^10 in python ?',1,'single choice',4,0,1,1,NULL,NULL,NULL,1),(722,17,111,'Consider following example\n\nvar helloword=(props)=>\n{\n return(\n <div>\n hello world 1\n </div>\n <div>\n hello world 2\n </div>\n );\n}\nreactdom.render(<helloworld/>,mountnode)\nwhat will be the output',1,'single choice',4,0,1,1,NULL,NULL,NULL,3),(723,17,111,'Props in react can________',1,'single choice',4,0,1,1,NULL,NULL,NULL,3),(724,17,111,'Reactjs covers _________',1,'single choice',4,0,1,1,NULL,NULL,NULL,3),(725,17,111,'In reactjs, props can be used to pass',1,'single choice',4,0,1,1,NULL,NULL,NULL,3),(726,17,111,'The state in react can be updated by call to setstate method. these calls are',1,'single choice',4,0,1,1,NULL,NULL,NULL,3),(727,17,111,'Keys are given to a list of elements in react. these keys should be',1,'single choice',4,0,1,1,NULL,NULL,NULL,3),(728,17,111,'Which of the following is a correct definition of state in react?',1,'single choice',4,0,1,1,NULL,NULL,NULL,3),(729,17,111,'To upload a file from react component, a developer will require to write',1,'single choice',4,0,1,1,NULL,NULL,NULL,3),(730,17,111,'How do you access a function fetch() from a h1 element in jsx?',1,'single choice',4,0,1,1,NULL,NULL,NULL,3),(731,17,111,'Which of the following is correct syntax for a button click event handler, foo',1,'single choice',4,0,1,1,NULL,NULL,NULL,3),(732,17,111,'How do you write an inline style specifying the font-size:12px and color:red; in jsx',1,'single choice',4,0,1,1,NULL,NULL,NULL,3),(733,17,111,'What happens when you call setstate() inside render() method?',1,'single choice',4,0,1,1,NULL,NULL,NULL,3),(734,17,111,'What is the second argument for setstate useful for?',1,'single choice',3,0,1,1,NULL,NULL,NULL,3),(735,17,111,'What is a controlled input element?',1,'single choice',4,0,1,1,NULL,NULL,NULL,3),(736,17,111,'Props in react can',1,'single choice',4,0,1,1,NULL,NULL,NULL,3),(737,17,111,'Render(){\n   let langs = [\"ruby\",\"es6\",\"scala\"]\n     return (<div>\n       {langs.map(it => <p>{it}</p>)}\n     </div>)\n }',1,'single choice',4,0,1,1,NULL,NULL,NULL,2),(738,17,111,'Keys are given to list of element in react. these keys should be',1,'single choice',4,0,1,1,NULL,NULL,NULL,2),(739,17,111,'Which of the following is the correct data flow sequence of flux concept?',1,'single choice',4,0,1,1,NULL,NULL,NULL,3),(740,17,111,'What is used to pass data to a component from outside?',1,'single choice',4,0,1,1,NULL,NULL,NULL,3),(741,17,111,'Predict the output:\n\n render(){\n   let langs = [\"ruby\",\"es6\",\"scala\"]\n     return (<div>\n       {langs.map(it => <p>{it}</p>)}\n     </div>)\n }',1,'single choice',4,0,1,1,NULL,NULL,NULL,3),(742,17,111,'Predict the output:\n\nimport react from \'react\';\nimport reactdom from \'react-dom\';\n \nclass demo extends react.component {\n  constructor(props) {\n    super(props);\n    this.state = {topplayer: \"david\"};\n  }\n  static getderivedstatefromprops(props, state) {\n    return {topplayer: props.firstrank };\n  }\n  render() {\n    return (\n      <h1>rank 1 of cricketer {this.state.topplayer}</h1>\n    );\n  }\n}\n \nreactdom.render(<demo firstrank=\"amit\"/>, document.getelementbyid(\'root\'));',1,'single choice',2,0,1,1,NULL,NULL,NULL,2),(743,17,111,'If jsx is not necessary to use, then why it is still considered in react? select any of the opting supporting the statement:',1,'single choice',4,0,1,1,NULL,NULL,NULL,3),(744,17,111,'Predict the output:\n\nimport react from \'react\';\n \nclass app extends react.component {\n   render() {\n      return (\n         <div>\n            <h2>{25+25}</h2>\n         </div>\n      );\n   }\n}\nexport default app;',1,'single choice',2,0,1,1,NULL,NULL,NULL,3),(745,17,111,'A constructor() function, if present in the component, gets called when the component gets ________?',1,'single choice',4,0,1,1,NULL,NULL,NULL,3),(746,17,111,'What is the final value of obj in the following example?\n\nconst obj = { foo: 1 };\nobj.bar = 2;',1,'single choice',4,0,1,1,NULL,NULL,NULL,3),(747,17,111,'What is the final value of array below?\n\nconst array = [1, 2, 3];\nconst extension = [4, 5, 6];\n\narray = [...extension, ...array]',1,'single choice',4,0,1,1,NULL,NULL,NULL,3),(748,18,31,'Which sql function is used to count the number of rows in a sql query?',1,'single choice',4,0,1,1,NULL,NULL,NULL,3),(749,18,31,'Which sql keyword is used to retrieve a maximum value?',1,'single choice',4,0,1,1,NULL,NULL,NULL,3),(750,18,112,'Which of the following statements are true about an sql query?',1,'multiple choice',4,0,1,1,NULL,NULL,NULL,2),(751,18,112,'Consider a database table t containing two columns x and y each of type integer. after the creation of the table, one record (x=1, y=1) is inserted in the table. let mx and my denote the respective maximum values of x and y among all records in the table at any point in time. using mx and my, new records are inserted in the table 128 times with x and y values being mx+1, 2*my+1 respectively. it may be noted that each time after the insertion, values of mx and my change. what will be the output of the following sql query after the steps mentioned above are carried out?\nselect y from t where x=7;',1,'single choice',4,0,1,1,NULL,NULL,NULL,1),(752,18,108,'Which operator performs pattern matching',1,'single choice',4,0,1,1,NULL,NULL,NULL,3),(753,18,113,'In sql which command(s) is(are) used to change a table\'s storage properties',1,'single choice',4,0,1,1,NULL,NULL,NULL,3),(754,18,113,'When three or more and and or conditions are combined, it is easier to use the sql keyword(s)',1,'multiple choice',4,0,1,1,NULL,NULL,NULL,1),(755,18,112,'Which of the following query finds the total rating of the sailors who have reserved boat \"103\"?',1,'single choice',4,0,1,1,NULL,NULL,NULL,1),(756,18,114,'What is the output of the statement \"select \'hi\' from dual where null = null\"',1,'single choice',4,0,1,1,NULL,NULL,NULL,1),(757,18,108,'If a query involves not, and, or with no parenthesis then :',1,'single choice',4,0,1,1,NULL,NULL,NULL,2),(758,18,113,'Which sql statement is used to delete data from a database',1,'multiple choice',4,0,1,1,NULL,NULL,NULL,2),(759,18,113,'Which of the following group functions ignore null values',1,'multiple choice',4,0,1,1,NULL,NULL,NULL,3),(760,18,115,'_______ joins two or more tables based on a specified column value not equaling a specified column value in another table',1,'single choice',4,0,1,1,NULL,NULL,NULL,2),(761,18,31,'Null is:',1,'single choice',4,0,1,1,NULL,NULL,NULL,3),(762,18,116,'Which of the following is true concerning a procedure',1,'single choice',4,0,1,1,NULL,NULL,NULL,3),(763,18,117,'A case sql statement is which of the following',1,'single choice',4,0,1,1,NULL,NULL,NULL,2),(764,18,116,'Which of the following statements are true concerning routines and triggers',1,'single choice',4,0,1,1,NULL,NULL,NULL,1),(765,18,31,'What is a correlated subquery',1,'single choice',4,0,1,1,NULL,NULL,NULL,2),(766,18,115,'Outer join is the same as equi - join, except one of the duplicate columns is eliminated in the result table',1,'single choice',2,0,1,1,NULL,NULL,NULL,2),(767,18,31,'Embedded sql is which of the following',1,'single choice',4,0,1,1,NULL,NULL,NULL,2),(768,18,77,'Which one of the following sorts rows in sql?',1,'single choice',4,0,1,1,NULL,NULL,NULL,2),(769,18,77,'The below sql query will sort the resulting records in _____ order\n\nselect column1, column2, ...\nfrom table_name\norder by column1, column2, ...',1,'single choice',2,0,1,1,NULL,NULL,NULL,1),(770,18,77,'Will the query listed below execute successfully?\n\nselect count(customerid), country\nfrom customers\ngroup by country\nwhere count(customerid) > 5;',1,'single choice',3,0,1,1,NULL,NULL,NULL,1),(771,18,115,'Which join should be used to retrive list of rows which there is a match in both the specified tables.',1,'single choice',4,0,1,1,NULL,NULL,NULL,1),(772,18,77,'Which sql query will give nth maximum salary of an employee.',1,'single choice',4,0,1,1,NULL,NULL,NULL,1),(773,18,77,'Which of the following is a comparison operator in sql?',1,'single choice',4,0,1,1,NULL,NULL,NULL,1),(774,18,28,'Which statement is correct ?',1,'single choice',4,0,1,1,NULL,NULL,NULL,2),(775,18,28,'What type of join is needed when you wish to include rows which does not have matching values',1,'single choice',4,0,1,1,NULL,NULL,NULL,2),(776,18,28,'In sql,the statement \nselect * from r,s is equivalent to',1,'single choice',4,0,1,1,NULL,NULL,NULL,2),(777,18,115,'Which join refers to join records from the write \ntable that have no matching key in the left\ntable are include in the result set',1,'single choice',4,0,1,1,NULL,NULL,NULL,1),(778,18,113,'Which of the following is used to delete all rows from table.',1,'multiple choice',4,0,1,1,NULL,NULL,NULL,1),(779,18,115,'Which of the following joins means the cartisian product',1,'single choice',4,0,1,1,NULL,NULL,NULL,1),(780,18,110,'Which of the following are aggregate functions ?',1,'multiple choice',4,0,1,1,NULL,NULL,NULL,1),(781,18,115,'Which of the following is one of the basic approaches for joining tables?',1,'single choice',4,0,1,1,NULL,NULL,NULL,1),(782,18,118,'Which of the following is true concerning triggers?',1,'single choice',4,0,1,1,NULL,NULL,NULL,1),(783,18,119,'To sort the results of a query use:',1,'single choice',4,0,1,1,NULL,NULL,NULL,1),(784,18,119,'What operator tests column for the absence of data?',1,'single choice',4,0,1,1,NULL,NULL,NULL,1),(785,18,119,'The sql statement\nselect substr(\'123456789\', instr(\'abcabcabc\',\'b\')4) from dual;',1,'single choice',4,0,1,1,NULL,NULL,NULL,1),(786,18,119,'Count function in sql returns the number of',1,'single choice',4,0,1,1,NULL,NULL,NULL,1),(787,18,120,'What do you mean by denormalization?',1,'single choice',4,0,1,1,NULL,NULL,NULL,1),(788,18,118,'What do you mean by “trigger” in sql?',1,'single choice',4,0,1,1,NULL,NULL,NULL,1),(789,18,121,'Are null values same as that of zero or a blank space?',1,'single choice',4,0,1,1,NULL,NULL,NULL,1),(790,18,119,'Which type of database management\n system is mysql?',1,'single choice',4,0,1,1,NULL,NULL,NULL,3),(791,18,119,'What represents a ‘tuple’ in a relational\n database?',1,'single choice',4,0,1,1,NULL,NULL,NULL,3),(792,18,122,'To create a database only if it doesn’t \nalready exist, which clause is used?',1,'single choice',4,0,1,1,NULL,NULL,NULL,2),(793,18,122,'Which statement makes changes to the \ndatabase’s global attributes?',1,'single choice',4,0,1,1,NULL,NULL,NULL,2),(794,18,123,'Which key declares that an index in one \ntable is related to that in another?',1,'single choice',4,0,1,1,NULL,NULL,NULL,2),(795,18,124,'What is xyz in the following mysql \nstatement?\nselect * from my_table where \nmatch(abc) against(\'xyz\');',1,'single choice',4,0,1,1,NULL,NULL,NULL,1),(796,18,124,'The employee information in a company is stored in the relation\nemployee (name, sex, salary, deptname)\nconsider the following sql query\nselect deptname\n       from employee\n       where sex = \'m\'\n       group by deptname\n       having avg (salary) > (select avg (salary) from employee)\nit returns the names of the department in which',1,'single choice',4,0,1,1,NULL,NULL,NULL,1),(797,18,125,'In sql, relations can contain null values, and comparisons with null values are treated as unknown. suppose all comparisons with a null value are treated as false. which of the following pairs is not equivalent?',1,'single choice',4,0,1,1,NULL,NULL,NULL,1),(798,18,124,'The relation book (title, price) contains the titles and prices of different books. assuming that no two books have the same price, what does the following sql query list?\n  select title\n  from book as b\n  where (select count(*)\n     from book as t\n     where t.price > b.price) < 5',1,'single choice',4,0,1,1,NULL,NULL,NULL,1),(799,18,115,'The following sql is which type of join:\n select customer_t. customer_id, order_t. customer_id,\n name, order_id from customer_t,order_t ;',1,'single choice',4,0,1,1,NULL,NULL,NULL,3),(800,18,126,'Read the following statement and find the correct option.\np :  a query in structural query language  can contain having clause without having group by clause\nq : a  query in structural query language can contain a having clause only when group by clause is also there in query.\nr : all attributes used in the group by clause must appear in the select clause\ns : no it is not necessary that all attributes used in the group by clause need to appear in the select clause',1,'single choice',4,0,1,1,NULL,NULL,NULL,1),(801,18,127,'To combine the result-set of two or more select statements, sql clause used is',1,'single choice',4,0,1,1,NULL,NULL,NULL,1),(802,18,128,'Which of the following commands do we use to delete a relation (r) from a database?',1,'single choice',4,0,1,1,NULL,NULL,NULL,1),(803,18,115,'Which join is to be used between two tables a and b when the resultant table needs rows from a and b that matches the condition and rows from a that does not match the condition?',1,'single choice',4,0,1,1,NULL,NULL,NULL,1),(804,18,129,'Which of the following function is used to find the column count of the particular resultset?',1,'single choice',4,0,1,1,NULL,NULL,NULL,1),(805,18,130,'To include integrity constraint in an existing relation use :',1,'single choice',4,0,1,1,NULL,NULL,NULL,1),(806,18,130,'’_ _ _ ’ matches any string of ______ three characters. ’_ _ _ %’ matches any string of at ______ three characters. fill the blanks.',1,'single choice',4,0,1,1,NULL,NULL,NULL,2),(807,18,119,'Which of the following does not enforce uniqueness ?',1,'single choice',4,0,1,1,NULL,NULL,NULL,2),(808,18,113,'Match sql language with sql commands                                 1)ddl    i)revok, grant\n2)dml   ii)rename a table\n3)tcl    iii)insert, update\n4)dcl    iv)rollback , commit',1,'single choice',4,0,1,1,NULL,NULL,NULL,1),(809,18,113,'Output of below command is:                                                  select * from country , employeedetail',1,'single choice',4,0,1,1,NULL,NULL,NULL,1),(810,18,131,'Database table by name loan_records is given below.\nborrower    bank_manager   loan_amount\n ramesh      sunderajan     10000.00\n suresh         ramgopal       5000.00\n mahesh       sunderajan     7000.00\nwhat is the output of the following sql query?\nselect count(*) \nfrom  ( ( select borrower, bank_manager \n          from loan_records) as s \n          natural join ( select bank_manager, loan_amount \n                         from loan_records) as t );',1,'single choice',4,0,1,1,NULL,NULL,NULL,1),(811,18,131,'Which of the following is/are true with reference to ‘view’ in dbms ? (a) a ‘view’ is a special stored procedure executed when certain event occurs. (b) a ‘view’ is a virtual table, which occurs after executing a pre-compiled query. code:',1,'single choice',4,0,1,1,NULL,NULL,NULL,1),(812,18,131,'__________ sql command changes one or more fields in a record.',1,'single choice',4,0,1,1,NULL,NULL,NULL,1),(813,18,115,'The following sql is which type of join: select customer_t. customer_id, order_t. customer_id, name, order_id from customer_t,order_t where customer_t. customer_id = order_t. customer_id',1,'single choice',4,0,1,1,NULL,NULL,NULL,1),(814,18,108,'Find the names of these cities with temperature and condition whose condition is neither sunny nor cloudy.',1,'single choice',4,0,1,1,NULL,NULL,NULL,1),(815,18,113,'Match sql language with sql commands\n1)ddl    i)revok, grant\n2)dml   ii)rename a table\n3)tcl    iii)insert, update\n4)dcl    iv)rollback , commit',1,'single choice',4,0,1,1,NULL,NULL,NULL,1),(816,18,77,'Which statement makes changes to the database’s global attributes?',1,'single choice',4,0,1,1,NULL,NULL,NULL,1),(817,18,77,'What can be used to check for views that have been invalidated by drop or alter operations?',1,'single choice',4,0,1,1,NULL,NULL,NULL,2),(818,18,31,'1. which statement is used to select a default database?\na) use\nb) create\nc) drop\nd) schema',1,'single choice',4,0,1,1,NULL,NULL,NULL,3),(819,19,132,'Which is non-functional software testing?',1,'single choice',4,0,1,1,NULL,NULL,NULL,3),(820,19,132,'Requirements specification, planning, test case design, execution,\nbug reporting & maintenance this life cycle comes under',1,'single choice',4,0,1,1,NULL,NULL,NULL,2),(821,19,132,'The name of the testing which is done to make sure the existing features are not affected by new changes',1,'single choice',4,0,1,1,NULL,NULL,NULL,2),(822,19,132,'Boundary value testing ______',1,'single choice',4,0,1,1,NULL,NULL,NULL,2),(823,19,132,'Testing where in we subject the target of the test , to varying workloads to measure and evaluate the performance behaviors and ability of the target and of the test to continue to function properly under these different workloads.',1,'single choice',4,0,1,1,NULL,NULL,NULL,2),(824,19,132,'The approach/document used to make sure all the requirements are covered when writing test cases',1,'single choice',4,0,1,1,NULL,NULL,NULL,2),(825,19,132,'To check whether we are developing the right product according to the customer requirements are not. it is a static process',1,'single choice',4,0,1,1,NULL,NULL,NULL,2),(826,19,132,'A non-functional software testing done to check if the user interface is easy to use and understand',1,'single choice',4,0,1,1,NULL,NULL,NULL,3),(827,19,132,'It measures the quality of processes used to create a quality product. it is a system of management activities, it is a preventive process, it applies for entire life cycle & deals with process',1,'single choice',4,0,1,1,NULL,NULL,NULL,2),(828,19,132,'Automation testing should be done before starting manual testing.\nis the above statement correct?',1,'single choice',2,0,1,1,NULL,NULL,NULL,3),(829,19,132,'Which test document describes the exit criteria of testing?',1,'single choice',4,0,1,1,NULL,NULL,NULL,2),(830,19,132,'Which of the following is not a state of a bug in bug life cycle:',1,'single choice',4,0,1,1,NULL,NULL,NULL,2),(831,19,133,'In webdriver__________command can be used to enter values onto text boxes?',1,'single choice',4,0,1,1,NULL,NULL,NULL,2),(832,19,133,'Which method closes the open browser in webdriver ?',1,'single choice',4,0,1,1,NULL,NULL,NULL,2),(833,19,133,'...................... is the best call for finding multiple elements using xpath.',1,'single choice',4,0,1,1,NULL,NULL,NULL,2),(834,19,133,'The following language not supported by selenium is -',1,'single choice',2,0,1,1,NULL,NULL,NULL,2),(835,19,133,'If you want to validate that a button has appeared on a page, which two commands would be the best two to use?',1,'single choice',4,0,1,1,NULL,NULL,NULL,2),(836,19,133,'What is the most common way to find an element on a page?',1,'single choice',4,0,1,1,NULL,NULL,NULL,2),(837,19,133,'Which one is a class in selenium ?',1,'single choice',4,0,1,1,NULL,NULL,NULL,2),(838,19,134,'Which statement best describes the role \nof testing?',1,'single choice',4,0,1,1,NULL,NULL,NULL,2),(839,20,135,'What is the correct html for creating a hyperlink?',1,'single choice',4,0,1,1,NULL,NULL,NULL,3),(840,20,135,'Which of the following options is correct with regard to html?',1,'single choice',4,0,1,1,NULL,NULL,NULL,3),(841,20,135,'What is the correct html for inserting an image?',1,'single choice',4,0,1,1,NULL,NULL,NULL,3),(842,20,135,'Iframe in html is used to display a web page within a web page.',1,'single choice',2,0,1,1,NULL,NULL,NULL,3),(843,20,26,'The external javascript file must contain <script> tag.',1,'single choice',2,0,1,1,NULL,NULL,NULL,3),(844,20,26,'In javascript, we do not have datatypes like integer and float. what is the function that can be used to check if the number is an integer or not?',1,'single choice',4,0,1,1,NULL,NULL,NULL,3),(845,20,26,'What is the javascript syntax for printing values in console?',1,'single choice',4,0,1,1,NULL,NULL,NULL,3),(846,20,26,'What will be the output of the following code?\n<script> \ndocument.write(typeof(24.49)); \n</script>',1,'single choice',4,0,1,1,NULL,NULL,NULL,2);
/*!40000 ALTER TABLE `question` ENABLE KEYS */;
UNLOCK TABLES;

--
-- Table structure for table `role`
--

DROP TABLE IF EXISTS `role`;
/*!40101 SET @saved_cs_client     = @@character_set_client */;
/*!50503 SET character_set_client = utf8mb4 */;
CREATE TABLE `role` (
  `RoleId` int NOT NULL AUTO_INCREMENT,
  `RoleName` varchar(45) DEFAULT NULL,
  `Status` int DEFAULT NULL,
  PRIMARY KEY (`RoleId`)
) ENGINE=InnoDB AUTO_INCREMENT=5 DEFAULT CHARSET=utf8mb4 COLLATE=utf8mb4_0900_ai_ci;
/*!40101 SET character_set_client = @saved_cs_client */;

--
-- Dumping data for table `role`
--

LOCK TABLES `role` WRITE;
/*!40000 ALTER TABLE `role` DISABLE KEYS */;
INSERT INTO `role` VALUES (1,'Admin',1),(2,'User',1);
/*!40000 ALTER TABLE `role` ENABLE KEYS */;
UNLOCK TABLES;

--
-- Table structure for table `skill`
--

DROP TABLE IF EXISTS `skill`;
/*!40101 SET @saved_cs_client     = @@character_set_client */;
/*!50503 SET character_set_client = utf8mb4 */;
CREATE TABLE `skill` (
  `SkillId` int NOT NULL AUTO_INCREMENT,
  `SkillName` varchar(100) DEFAULT NULL,
  `Description` varchar(100) DEFAULT NULL,
  `Active` tinyint(1) DEFAULT NULL,
  `CreatedBy` int DEFAULT NULL,
  `CreatedDate` datetime DEFAULT NULL,
  `ModifiedBy` int DEFAULT NULL,
  `ModifiedDate` datetime DEFAULT NULL,
  PRIMARY KEY (`SkillId`)
) ENGINE=InnoDB AUTO_INCREMENT=136 DEFAULT CHARSET=utf8mb4 COLLATE=utf8mb4_0900_ai_ci;
/*!40101 SET character_set_client = @saved_cs_client */;

--
-- Dumping data for table `skill`
--

LOCK TABLES `skill` WRITE;
/*!40000 ALTER TABLE `skill` DISABLE KEYS */;
INSERT INTO `skill` VALUES (1,'Synonyms and Anotnyms','Synonyms and Anotnyms',1,NULL,NULL,NULL,NULL),(2,'Calendar','Calendar',1,NULL,NULL,NULL,NULL),(3,'P&C','P&C',1,NULL,NULL,NULL,NULL),(4,'Area & Volume','Area & Volume',1,NULL,NULL,NULL,NULL),(5,'Percentage','Percentage',1,NULL,NULL,NULL,NULL),(6,'Algebra','Algebra',1,NULL,NULL,NULL,NULL),(7,'Miscellaneous','Miscellaneous',1,NULL,NULL,NULL,NULL),(8,'Ratio & Proportion','Ratio & Proportion',1,NULL,NULL,NULL,NULL),(9,'Funcations','Funcations',1,NULL,NULL,NULL,NULL),(10,'Numbers','Numbers',1,NULL,NULL,NULL,NULL),(11,'LCM & HCF','LCM & HCF',1,NULL,NULL,NULL,NULL),(12,'Trains','Trains',1,NULL,NULL,NULL,NULL),(13,'Height & Distance','Height & Distance',1,NULL,NULL,NULL,NULL),(14,'Interest','Interest',1,NULL,NULL,NULL,NULL),(15,'Profit and loss','Profit and loss',1,NULL,NULL,NULL,NULL),(16,'Number system','Number system',1,NULL,NULL,NULL,NULL),(17,'Simplifications','Simplifications',1,NULL,NULL,NULL,NULL),(18,'RATIO AND PROPORTIONS','RATIO AND PROPORTIONS',1,NULL,NULL,NULL,NULL),(19,'ALLIGATION AND MIXTURE','ALLIGATION AND MIXTURE',1,NULL,NULL,NULL,NULL),(20,'PARTNERSHIP','PARTNERSHIP',1,NULL,NULL,NULL,NULL),(21,'Profit & Loss','Profit & Loss',1,NULL,NULL,NULL,NULL),(22,'Mixtures','Mixtures',1,NULL,NULL,NULL,NULL),(23,'Problems on ages','Problems on ages',1,NULL,NULL,NULL,NULL),(24,'Logarithm','Logarithm',1,NULL,NULL,NULL,NULL),(25,'Discounts','Discounts',1,NULL,NULL,NULL,NULL),(26,'JS','JS',1,NULL,NULL,NULL,NULL),(27,'ANGULAR Js','ANGULAR Js',1,NULL,NULL,NULL,NULL),(28,'Core','Core',1,NULL,NULL,NULL,NULL),(29,'Data Binding','Data Binding',1,NULL,NULL,NULL,NULL),(30,'Metadata','Metadata',1,NULL,NULL,NULL,NULL),(31,'Basics','Basics',1,NULL,NULL,NULL,NULL),(32,'ANGULAR \n json','ANGULAR \n json',1,NULL,NULL,NULL,NULL),(33,'Life Cycle\nHooks','Life Cycle\nHooks',1,NULL,NULL,NULL,NULL),(34,'interpolation','interpolation',1,NULL,NULL,NULL,NULL),(35,'CSS Bootstrap','CSS Bootstrap',1,NULL,NULL,NULL,NULL),(36,'Observables','Observables',1,NULL,NULL,NULL,NULL),(37,'Spark','Spark',1,NULL,NULL,NULL,NULL),(38,'HDFS','HDFS',1,NULL,NULL,NULL,NULL),(39,'Kafka','Kafka',1,NULL,NULL,NULL,NULL),(40,'Hbase','Hbase',1,NULL,NULL,NULL,NULL),(41,'Map Reduce','Map Reduce',1,NULL,NULL,NULL,NULL),(42,'Hive','Hive',1,NULL,NULL,NULL,NULL),(43,'MapReducer','MapReducer',1,NULL,NULL,NULL,NULL),(44,'Hadoop','Hadoop',1,NULL,NULL,NULL,NULL),(45,'Algorithms','Algorithms',1,NULL,NULL,NULL,NULL),(46,'Iteration','Iteration',1,NULL,NULL,NULL,NULL),(47,'Object','Object',1,NULL,NULL,NULL,NULL),(48,'SizeOf','SizeOf',1,NULL,NULL,NULL,NULL),(49,'Preprocessors','Preprocessors',1,NULL,NULL,NULL,NULL),(50,'Array/Pointer','Array/Pointer',1,NULL,NULL,NULL,NULL),(51,'File Handling','File Handling',1,NULL,NULL,NULL,NULL),(52,'DSA Sorting','DSA Sorting',1,NULL,NULL,NULL,NULL),(53,'Queue','Queue',1,NULL,NULL,NULL,NULL),(54,'Space Complexity','Space Complexity',1,NULL,NULL,NULL,NULL),(55,'Time Complexity','Time Complexity',1,NULL,NULL,NULL,NULL),(56,'Heap','Heap',1,NULL,NULL,NULL,NULL),(57,'Heap/Algorithm/sorting','Heap/Algorithm/sorting',1,NULL,NULL,NULL,NULL),(58,'Matrices','Matrices',1,NULL,NULL,NULL,NULL),(59,'Recursion','Recursion',1,NULL,NULL,NULL,NULL),(60,'Sorting','Sorting',1,NULL,NULL,NULL,NULL),(61,'Searching','Searching',1,NULL,NULL,NULL,NULL),(62,'Algorithm','Algorithm',1,NULL,NULL,NULL,NULL),(63,'complexity','complexity',1,NULL,NULL,NULL,NULL),(64,'Graph','Graph',1,NULL,NULL,NULL,NULL),(65,'Prefix to Infix','Prefix to Infix',1,NULL,NULL,NULL,NULL),(66,'Array','Array',1,NULL,NULL,NULL,NULL),(67,'Array, complexity','Array, complexity',1,NULL,NULL,NULL,NULL),(68,'list','list',1,NULL,NULL,NULL,NULL),(69,'stack,queue','stack,queue',1,NULL,NULL,NULL,NULL),(70,'SORT','SORT',1,NULL,NULL,NULL,NULL),(71,'Data Structure','Data Structure',1,NULL,NULL,NULL,NULL),(72,'priority queue','priority queue',1,NULL,NULL,NULL,NULL),(73,'binary search','binary search',1,NULL,NULL,NULL,NULL),(74,'GREEDY ALGORITHM','GREEDY ALGORITHM',1,NULL,NULL,NULL,NULL),(75,'STACK','STACK',1,NULL,NULL,NULL,NULL),(76,'SQL REFERENTIAL INTEGRITY','SQL REFERENTIAL INTEGRITY',1,NULL,NULL,NULL,NULL),(77,'SQL','SQL',1,NULL,NULL,NULL,NULL),(78,'Core Java','Core Java',1,NULL,NULL,NULL,NULL),(79,'Class Fundamentals','Class Fundamentals',1,NULL,NULL,NULL,NULL),(80,'Collections Framework','Collections Framework',1,NULL,NULL,NULL,NULL),(81,'Exceptional Handling','Exceptional Handling',1,NULL,NULL,NULL,NULL),(82,'Exception Handeling','Exception Handeling',1,NULL,NULL,NULL,NULL),(83,'Garbage Collection','Garbage Collection',1,NULL,NULL,NULL,NULL),(84,'Threading','Threading',1,NULL,NULL,NULL,NULL),(85,'String','String',1,NULL,NULL,NULL,NULL),(86,'Static \nkeyword','Static \nkeyword',1,NULL,NULL,NULL,NULL),(87,'loops','loops',1,NULL,NULL,NULL,NULL),(88,'Abstract Class','Abstract Class',1,NULL,NULL,0,NULL),(89,'Data structures- Java','Data structures- Java',1,NULL,NULL,NULL,NULL),(90,'Interfaces','Interfaces',1,NULL,NULL,NULL,NULL),(91,'Static block, Constructor, Methods, Instance Block','Static block, Constructor, Methods, Instance Block',1,NULL,NULL,NULL,NULL),(92,'Basic ML','Basic ML',1,NULL,NULL,NULL,NULL),(93,'NLP\n(Basic NLP)','NLP\n(Basic NLP)',1,NULL,NULL,NULL,NULL),(94,'Statistics\n(Basic ML)','Statistics\n(Basic ML)',1,NULL,NULL,NULL,NULL),(95,'NLP','NLP',1,NULL,NULL,NULL,NULL),(96,'Neural Networks','Neural Networks',1,NULL,NULL,NULL,NULL),(97,'Machine Learning','Machine Learning',1,NULL,NULL,NULL,NULL),(98,'Activation Funtions','Activation Funtions',1,NULL,NULL,NULL,NULL),(99,'OOPS','OOPS',1,NULL,NULL,NULL,NULL),(100,'nodejs','nodejs',1,NULL,NULL,NULL,NULL),(101,'Event Handling','Event Handling',1,NULL,NULL,NULL,NULL),(102,'CONCEPTUAL NODEJS','CONCEPTUAL NODEJS',1,NULL,NULL,NULL,NULL),(103,'SYNTAX','SYNTAX',1,NULL,NULL,NULL,NULL),(104,'Tuples','Tuples',1,NULL,NULL,NULL,NULL),(105,'Dictionary','Dictionary',1,NULL,NULL,NULL,NULL),(106,'Lambda','Lambda',1,NULL,NULL,NULL,NULL),(107,'Regex','Regex',1,NULL,NULL,NULL,NULL),(108,'Operators','Operators',1,NULL,NULL,NULL,NULL),(109,'Dataframe','Dataframe',1,NULL,NULL,NULL,NULL),(110,'Functions','Functions',1,NULL,NULL,NULL,NULL),(111,'React Core','React Core',1,NULL,NULL,NULL,NULL),(112,'Aggregate Functions','Aggregate Functions',1,NULL,NULL,NULL,NULL),(113,'Commands','Commands',1,NULL,NULL,NULL,NULL),(114,'Query outputs','Query outputs',1,NULL,NULL,NULL,NULL),(115,'Joins','Joins',1,NULL,NULL,NULL,NULL),(116,'Stored procedure','Stored procedure',1,NULL,NULL,NULL,NULL),(117,'Conditional Statements','Conditional Statements',1,NULL,NULL,NULL,NULL),(118,'Triggers','Triggers',1,NULL,NULL,NULL,NULL),(119,'Basic','Basic',1,NULL,NULL,NULL,NULL),(120,'Denormalisation','Denormalisation',1,NULL,NULL,NULL,NULL),(121,'Null \nValues','Null \nValues',1,NULL,NULL,NULL,NULL),(122,'Selecting, Creating, Dropping and \nAltering Databases','Selecting, Creating, Dropping and \nAltering Databases',1,NULL,NULL,NULL,NULL),(123,'Foreign key','Foreign key',1,NULL,NULL,NULL,NULL),(124,'Query','Query',1,NULL,NULL,NULL,NULL),(125,'Conditional Operation','Conditional Operation',1,NULL,NULL,NULL,NULL),(126,'GroupBy with Having','GroupBy with Having',1,NULL,NULL,NULL,NULL),(127,'Union','Union',1,NULL,NULL,NULL,NULL),(128,'delete/drop','delete/drop',1,NULL,NULL,NULL,NULL),(129,'JDBC','JDBC',1,NULL,NULL,NULL,NULL),(130,'MySQL','MySQL',1,NULL,NULL,NULL,NULL),(131,'DBMS','DBMS',1,NULL,NULL,NULL,NULL),(132,'Manual Testing','Manual Testing',1,NULL,NULL,NULL,NULL),(133,'Automation Testing','Automation Testing',1,NULL,NULL,NULL,NULL),(134,'basic testing question','basic testing question',1,NULL,NULL,NULL,NULL),(135,'HTML','HTML',1,NULL,NULL,NULL,NULL);
/*!40000 ALTER TABLE `skill` ENABLE KEYS */;
UNLOCK TABLES;

--
-- Table structure for table `skill_category_mapping`
--

DROP TABLE IF EXISTS `skill_category_mapping`;
/*!40101 SET @saved_cs_client     = @@character_set_client */;
/*!50503 SET character_set_client = utf8mb4 */;
CREATE TABLE `skill_category_mapping` (
  `mapping_id` int NOT NULL AUTO_INCREMENT,
  `SkillId` int NOT NULL,
  `CategoryId` int NOT NULL,
  `Active` tinyint(1) DEFAULT NULL,
  `CreatedBy` int DEFAULT NULL,
  `CreatedDate` datetime DEFAULT NULL,
  `ModifiedBy` int DEFAULT NULL,
  `ModifiedDate` datetime DEFAULT NULL,
  PRIMARY KEY (`mapping_id`)
) ENGINE=InnoDB AUTO_INCREMENT=156 DEFAULT CHARSET=utf8mb4 COLLATE=utf8mb4_0900_ai_ci;
/*!40101 SET character_set_client = @saved_cs_client */;

--
-- Dumping data for table `skill_category_mapping`
--

LOCK TABLES `skill_category_mapping` WRITE;
/*!40000 ALTER TABLE `skill_category_mapping` DISABLE KEYS */;
INSERT INTO `skill_category_mapping` VALUES (1,1,1,1,NULL,NULL,NULL,NULL),(2,2,2,1,NULL,NULL,NULL,NULL),(3,3,2,1,NULL,NULL,NULL,NULL),(4,4,2,1,NULL,NULL,NULL,NULL),(5,5,2,1,NULL,NULL,NULL,NULL),(6,6,2,1,NULL,NULL,NULL,NULL),(7,7,2,1,NULL,NULL,NULL,NULL),(8,8,2,1,NULL,NULL,NULL,NULL),(9,9,2,1,NULL,NULL,NULL,NULL),(10,10,2,1,NULL,NULL,NULL,NULL),(11,11,2,1,NULL,NULL,NULL,NULL),(12,12,2,1,NULL,NULL,NULL,NULL),(13,13,2,1,NULL,NULL,NULL,NULL),(14,14,2,1,NULL,NULL,NULL,NULL),(15,15,2,1,NULL,NULL,NULL,NULL),(16,16,3,1,NULL,NULL,NULL,NULL),(17,17,3,1,NULL,NULL,NULL,NULL),(18,18,3,1,NULL,NULL,NULL,NULL),(19,19,3,1,NULL,NULL,NULL,NULL),(20,20,3,1,NULL,NULL,NULL,NULL),(21,15,3,1,NULL,NULL,NULL,NULL),(22,21,3,1,NULL,NULL,NULL,NULL),(23,22,3,1,NULL,NULL,NULL,NULL),(24,23,3,1,NULL,NULL,NULL,NULL),(25,24,3,1,NULL,NULL,NULL,NULL),(26,25,3,1,NULL,NULL,NULL,NULL),(27,5,3,1,NULL,NULL,NULL,NULL),(28,26,4,1,NULL,NULL,NULL,NULL),(29,27,4,1,NULL,NULL,NULL,NULL),(30,28,4,1,NULL,NULL,NULL,NULL),(31,29,4,1,NULL,NULL,NULL,NULL),(32,30,4,1,NULL,NULL,NULL,NULL),(33,31,4,1,NULL,NULL,NULL,NULL),(34,32,4,1,NULL,NULL,NULL,NULL),(35,33,4,1,NULL,NULL,NULL,NULL),(36,34,4,1,NULL,NULL,NULL,NULL),(37,35,4,1,NULL,NULL,NULL,NULL),(38,36,4,1,NULL,NULL,NULL,NULL),(39,28,5,1,NULL,NULL,NULL,NULL),(40,37,6,1,NULL,NULL,NULL,NULL),(41,38,6,1,NULL,NULL,NULL,NULL),(42,39,6,1,NULL,NULL,NULL,NULL),(43,40,6,1,NULL,NULL,NULL,NULL),(44,41,6,1,NULL,NULL,NULL,NULL),(45,42,6,1,NULL,NULL,NULL,NULL),(46,43,6,1,NULL,NULL,NULL,NULL),(47,44,6,1,NULL,NULL,NULL,NULL),(48,45,7,1,NULL,NULL,NULL,NULL),(49,46,7,1,NULL,NULL,NULL,NULL),(50,47,7,1,NULL,NULL,NULL,NULL),(51,48,8,1,NULL,NULL,NULL,NULL),(52,49,8,1,NULL,NULL,NULL,NULL),(53,50,8,1,NULL,NULL,NULL,NULL),(54,51,8,1,NULL,NULL,NULL,NULL),(55,52,9,1,NULL,NULL,NULL,NULL),(56,31,9,1,NULL,NULL,NULL,NULL),(57,53,9,1,NULL,NULL,NULL,NULL),(58,54,9,1,NULL,NULL,NULL,NULL),(59,55,9,1,NULL,NULL,NULL,NULL),(60,56,9,1,NULL,NULL,NULL,NULL),(61,57,9,1,NULL,NULL,NULL,NULL),(62,58,9,1,NULL,NULL,NULL,NULL),(63,59,9,1,NULL,NULL,NULL,NULL),(64,60,9,1,NULL,NULL,NULL,NULL),(65,61,9,1,NULL,NULL,NULL,NULL),(66,62,9,1,NULL,NULL,NULL,NULL),(67,63,9,1,NULL,NULL,NULL,NULL),(68,64,9,1,NULL,NULL,NULL,NULL),(69,65,9,1,NULL,NULL,NULL,NULL),(70,66,9,1,NULL,NULL,NULL,NULL),(71,67,9,1,NULL,NULL,NULL,NULL),(72,68,9,1,NULL,NULL,NULL,NULL),(73,69,9,1,NULL,NULL,NULL,NULL),(74,70,9,1,NULL,NULL,NULL,NULL),(75,71,9,1,NULL,NULL,NULL,NULL),(76,72,9,1,NULL,NULL,NULL,NULL),(77,73,9,1,NULL,NULL,NULL,NULL),(78,74,9,1,NULL,NULL,NULL,NULL),(79,75,9,1,NULL,NULL,NULL,NULL),(80,76,10,1,NULL,NULL,NULL,NULL),(81,77,10,1,NULL,NULL,NULL,NULL),(82,28,11,1,NULL,NULL,NULL,NULL),(83,78,12,1,NULL,NULL,NULL,NULL),(84,79,12,1,NULL,NULL,NULL,NULL),(85,80,12,1,NULL,NULL,NULL,NULL),(86,81,12,1,NULL,NULL,NULL,NULL),(87,28,12,1,NULL,NULL,NULL,NULL),(88,82,12,1,NULL,NULL,NULL,NULL),(89,83,12,1,NULL,NULL,NULL,NULL),(90,84,12,1,NULL,NULL,NULL,NULL),(91,66,12,1,NULL,NULL,NULL,NULL),(92,85,12,1,NULL,NULL,NULL,NULL),(93,86,12,1,NULL,NULL,NULL,NULL),(94,87,12,1,NULL,NULL,NULL,NULL),(95,88,12,1,NULL,NULL,NULL,NULL),(96,89,12,1,NULL,NULL,NULL,NULL),(97,59,12,1,NULL,NULL,NULL,NULL),(98,90,12,1,NULL,NULL,NULL,NULL),(99,91,12,1,NULL,NULL,NULL,NULL),(100,92,13,1,NULL,NULL,NULL,NULL),(101,93,13,1,NULL,NULL,NULL,NULL),(102,94,13,1,NULL,NULL,NULL,NULL),(103,95,13,1,NULL,NULL,NULL,NULL),(104,96,13,1,NULL,NULL,NULL,NULL),(105,97,13,1,NULL,NULL,NULL,NULL),(106,98,13,1,NULL,NULL,NULL,NULL),(107,99,14,1,NULL,NULL,NULL,NULL),(108,28,14,1,NULL,NULL,NULL,NULL),(109,100,15,1,NULL,NULL,NULL,NULL),(110,101,15,1,NULL,NULL,NULL,NULL),(111,28,15,1,NULL,NULL,NULL,NULL),(112,102,15,1,NULL,NULL,NULL,NULL),(113,103,15,1,NULL,NULL,NULL,NULL),(114,104,16,1,NULL,NULL,NULL,NULL),(115,105,16,1,NULL,NULL,NULL,NULL),(116,106,16,1,NULL,NULL,NULL,NULL),(117,84,16,1,NULL,NULL,NULL,NULL),(118,68,16,1,NULL,NULL,NULL,NULL),(119,31,16,1,NULL,NULL,NULL,NULL),(120,107,16,1,NULL,NULL,NULL,NULL),(121,108,16,1,NULL,NULL,NULL,NULL),(122,109,16,1,NULL,NULL,NULL,NULL),(123,87,16,1,NULL,NULL,NULL,NULL),(124,110,16,1,NULL,NULL,NULL,NULL),(125,111,17,1,NULL,NULL,NULL,NULL),(126,31,18,1,NULL,NULL,NULL,NULL),(127,112,18,1,NULL,NULL,NULL,NULL),(128,108,18,1,NULL,NULL,NULL,NULL),(129,113,18,1,NULL,NULL,NULL,NULL),(130,114,18,1,NULL,NULL,NULL,NULL),(131,115,18,1,NULL,NULL,NULL,NULL),(132,116,18,1,NULL,NULL,NULL,NULL),(133,117,18,1,NULL,NULL,NULL,NULL),(134,77,18,1,NULL,NULL,NULL,NULL),(135,28,18,1,NULL,NULL,NULL,NULL),(136,110,18,1,NULL,NULL,NULL,NULL),(137,118,18,1,NULL,NULL,NULL,NULL),(138,119,18,1,NULL,NULL,NULL,NULL),(139,120,18,1,NULL,NULL,NULL,NULL),(140,121,18,1,NULL,NULL,NULL,NULL),(141,122,18,1,NULL,NULL,NULL,NULL),(142,123,18,1,NULL,NULL,NULL,NULL),(143,124,18,1,NULL,NULL,NULL,NULL),(144,125,18,1,NULL,NULL,NULL,NULL),(145,126,18,1,NULL,NULL,NULL,NULL),(146,127,18,1,NULL,NULL,NULL,NULL),(147,128,18,1,NULL,NULL,NULL,NULL),(148,129,18,1,NULL,NULL,NULL,NULL),(149,130,18,1,NULL,NULL,NULL,NULL),(150,131,18,1,NULL,NULL,NULL,NULL),(151,132,19,1,NULL,NULL,NULL,NULL),(152,133,19,1,NULL,NULL,NULL,NULL),(153,134,19,1,NULL,NULL,NULL,NULL),(154,135,20,1,NULL,NULL,NULL,NULL),(155,26,20,1,NULL,NULL,NULL,NULL);
/*!40000 ALTER TABLE `skill_category_mapping` ENABLE KEYS */;
UNLOCK TABLES;

--
-- Table structure for table `state`
--

DROP TABLE IF EXISTS `state`;
/*!40101 SET @saved_cs_client     = @@character_set_client */;
/*!50503 SET character_set_client = utf8mb4 */;
CREATE TABLE `state` (
  `StateId` int NOT NULL AUTO_INCREMENT,
  `CountryId` int NOT NULL,
  `StateName` varchar(45) NOT NULL,
  `Active` tinyint(1) DEFAULT NULL,
  `CreatedDate` datetime DEFAULT NULL,
  `CreatedBy` int DEFAULT NULL,
  `ModifiedDate` datetime DEFAULT NULL,
  `ModifiedBy` int DEFAULT NULL,
  PRIMARY KEY (`StateId`)
) ENGINE=InnoDB AUTO_INCREMENT=59 DEFAULT CHARSET=utf8mb4 COLLATE=utf8mb4_0900_ai_ci;
/*!40101 SET character_set_client = @saved_cs_client */;

--
-- Dumping data for table `state`
--

LOCK TABLES `state` WRITE;
/*!40000 ALTER TABLE `state` DISABLE KEYS */;
INSERT INTO `state` VALUES (51,245,'Rajasthan',1,'2020-09-02 17:47:52',0,NULL,0),(58,245,'Hariyana',1,'2021-02-11 13:18:29',0,'2021-02-11 13:18:56',0);
/*!40000 ALTER TABLE `state` ENABLE KEYS */;
UNLOCK TABLES;

--
-- Table structure for table `status`
--

DROP TABLE IF EXISTS `status`;
/*!40101 SET @saved_cs_client     = @@character_set_client */;
/*!50503 SET character_set_client = utf8mb4 */;
CREATE TABLE `status` (
  `StatusId` int NOT NULL AUTO_INCREMENT,
  `Status` varchar(45) DEFAULT NULL,
  PRIMARY KEY (`StatusId`)
) ENGINE=InnoDB AUTO_INCREMENT=3 DEFAULT CHARSET=utf8mb4 COLLATE=utf8mb4_0900_ai_ci;
/*!40101 SET character_set_client = @saved_cs_client */;

--
-- Dumping data for table `status`
--

LOCK TABLES `status` WRITE;
/*!40000 ALTER TABLE `status` DISABLE KEYS */;
/*!40000 ALTER TABLE `status` ENABLE KEYS */;
UNLOCK TABLES;

--
-- Table structure for table `university`
--

DROP TABLE IF EXISTS `university`;
/*!40101 SET @saved_cs_client     = @@character_set_client */;
/*!50503 SET character_set_client = utf8mb4 */;
CREATE TABLE `university` (
  `UniversityId` int NOT NULL AUTO_INCREMENT,
  `CountryId` int NOT NULL,
  `StateId` int NOT NULL,
  `CityId` int NOT NULL,
  `UniversityName` varchar(45) NOT NULL,
  `Active` tinyint(1) DEFAULT NULL,
  `CreatedBy` int DEFAULT NULL,
  `CreatedDate` datetime DEFAULT NULL,
  `ModifiedBy` int DEFAULT NULL,
  `ModifiedDate` datetime DEFAULT NULL,
  PRIMARY KEY (`UniversityId`)
) ENGINE=InnoDB AUTO_INCREMENT=11 DEFAULT CHARSET=utf8mb4 COLLATE=utf8mb4_0900_ai_ci;
/*!40101 SET character_set_client = @saved_cs_client */;

--
-- Dumping data for table `university`
--

LOCK TABLES `university` WRITE;
/*!40000 ALTER TABLE `university` DISABLE KEYS */;
INSERT INTO `university` VALUES (7,245,51,19,'Arya University',1,0,'2020-09-02 17:49:03',0,NULL);
/*!40000 ALTER TABLE `university` ENABLE KEYS */;
UNLOCK TABLES;

--
-- Table structure for table `user`
--

DROP TABLE IF EXISTS `user`;
/*!40101 SET @saved_cs_client     = @@character_set_client */;
/*!50503 SET character_set_client = utf8mb4 */;
CREATE TABLE `user` (
  `UserId` int NOT NULL AUTO_INCREMENT,
  `RoleId` int NOT NULL,
  `FirstName` varchar(45) DEFAULT NULL,
  `LastName` varchar(45) DEFAULT NULL,
  `Email` varchar(45) DEFAULT NULL,
  `Password` varchar(100) DEFAULT NULL,
  `CountryId` int DEFAULT NULL,
  `StateId` int DEFAULT NULL,
  `CityId` int DEFAULT NULL,
  `UniversityId` int DEFAULT NULL,
  `Active` tinyint(1) DEFAULT NULL,
  `CreatedDate` datetime DEFAULT NULL,
  `MobileNo` varchar(45) DEFAULT NULL,
  `HomeTown` varchar(45) DEFAULT NULL,
  `PercentageIn10th` varchar(45) DEFAULT NULL,
  `PercentageIn12th` varchar(45) DEFAULT NULL,
  `PercentageInGraduation` varchar(45) DEFAULT NULL,
  `PercentageInPG` varchar(45) DEFAULT NULL,
  `InterestedSkills` varchar(3000) DEFAULT NULL,
  PRIMARY KEY (`UserId`)
) ENGINE=InnoDB AUTO_INCREMENT=22 DEFAULT CHARSET=utf8mb4 COLLATE=utf8mb4_0900_ai_ci;
/*!40101 SET character_set_client = @saved_cs_client */;

--
-- Dumping data for table `user`
--

LOCK TABLES `user` WRITE;
/*!40000 ALTER TABLE `user` DISABLE KEYS */;
INSERT INTO `user` VALUES (9,2,'Suraj','Singh','surajsingh@infoobjects.com','f5889a577fe3ae0b19f97194a4357be2',245,51,19,7,1,'2020-09-02 17:50:05','8769472154','Jaipur','55','60','65','62','4'),(10,1,'Abhinav','Nahar','abhinav@infoobjects.com','f5889a577fe3ae0b19f97194a4357be2',245,51,19,NULL,1,'2020-09-02 17:50:05','1234567890',NULL,NULL,NULL,NULL,NULL,NULL),(11,2,'Dipesh','Bagdi','dipesh@infoobjects.com','f5889a577fe3ae0b19f97194a4357be2',245,51,19,7,1,'2020-09-16 13:38:21','1234567890','Jaipur','85','80','65','60','1,2'),(12,2,'ab','cd','admin@infoobjects.com','f5889a577fe3ae0b19f97194a4357be2',245,51,19,7,1,'2020-09-23 13:13:13','8769472154','dfdsf','d','d','dd','dd','1'),(13,2,'Sanjay','Kumar','sanjay@gmail.com','f5889a577fe3ae0b19f97194a4357be2',245,51,19,7,1,'2020-12-28 14:11:11','1234567890','Jaipur','55.56','65.00','70.08','60.09','1,2,3'),(14,2,'Shyam','Singh','shyam@gmail.com','f5889a577fe3ae0b19f97194a4357be2',245,51,19,7,1,'2020-12-28 14:13:09','1234567890','Kota','46.56','56.65','55.02','57.55','1,2'),(15,2,'Raghav ','Sharma','raghav@gmail.com','f5889a577fe3ae0b19f97194a4357be2',245,51,19,7,1,'2020-12-28 14:14:55','1234567890','Jaipur','56.89','85.69','55.36','45.12','5,6'),(16,2,'Alok','Chaudhary','alok@gmail.com','f5889a577fe3ae0b19f97194a4357be2',245,51,19,7,1,'2020-12-28 14:16:26','1234567890','Jodhpur','89.63','79.56','92.63','65.23','17,16'),(17,2,'Priya','Chaudhary','pirya@gmail.com','f5889a577fe3ae0b19f97194a4357be2',245,51,19,7,1,'2020-12-28 14:17:23','1234567890','Bharatpur','55.63','78.96','65.23','78.69','18,19'),(18,2,'Nikhil','Sharma','nikhil@gmail.com','f5889a577fe3ae0b19f97194a4357be2',245,51,19,7,1,'2020-12-28 14:19:06','1234567890','Udaipur','45.63','89.63','78.15','69.52','19,20'),(19,2,'Raju','Gupta','raju@gmail.com','f5889a577fe3ae0b19f97194a4357be2',245,51,19,7,1,'2020-12-28 14:22:03','1234567890','Alwar','89.56','96.35','45.96','92.59','19,18'),(20,2,'Deepak','Gupta','deepak@gmail.com','f5889a577fe3ae0b19f97194a4357be2',245,51,19,7,1,'2020-12-28 14:24:13','1234567890','Ajmer','45.96','55.96','63.15','89.63','10,11'),(21,2,'Anuj','Rai','anuj@gmail.com','f5889a577fe3ae0b19f97194a4357be2',245,51,19,7,1,'2020-12-28 16:55:45','1234567890','Aasam','79.00','89.63','96.36','88.45','5,6');
/*!40000 ALTER TABLE `user` ENABLE KEYS */;
UNLOCK TABLES;

--
-- Table structure for table `useranswer`
--

DROP TABLE IF EXISTS `useranswer`;
/*!40101 SET @saved_cs_client     = @@character_set_client */;
/*!50503 SET character_set_client = utf8mb4 */;
CREATE TABLE `useranswer` (
  `UserAnswerId` int NOT NULL AUTO_INCREMENT,
  `UserId` int NOT NULL,
  `ExamGroupId` int DEFAULT NULL,
  `ExamId` int NOT NULL,
  `QuestionId` int NOT NULL,
  `SkillId` int NOT NULL,
  `Marks` int DEFAULT NULL,
  `GivenAnswerId` varchar(50) DEFAULT NULL,
  `AttemptDateTime` datetime DEFAULT NULL,
  `RemainingTime` varchar(45) DEFAULT NULL,
  PRIMARY KEY (`UserAnswerId`)
) ENGINE=InnoDB AUTO_INCREMENT=51 DEFAULT CHARSET=utf8mb4 COLLATE=utf8mb4_0900_ai_ci COMMENT='	';
/*!40101 SET character_set_client = @saved_cs_client */;

--
-- Dumping data for table `useranswer`
--

LOCK TABLES `useranswer` WRITE;
/*!40000 ALTER TABLE `useranswer` DISABLE KEYS */;
INSERT INTO `useranswer` VALUES (1,9,1,2,114,16,1,'453','2020-12-30 11:03:08','00:29:56'),(2,9,1,2,351,5,1,'1402','2020-12-30 11:03:10','00:29:53'),(3,9,1,2,153,17,1,'609','2020-12-30 11:03:13','00:29:51'),(4,9,1,2,220,15,1,'878','2020-12-30 11:03:15','00:29:49'),(5,9,1,2,156,17,1,'623','2020-12-30 11:03:16','00:29:48'),(6,9,1,2,274,22,1,'1093','2020-12-30 11:03:18','00:29:46'),(7,9,1,2,145,17,1,'580','2020-12-30 11:03:19','00:29:44'),(8,9,1,2,229,21,1,'914','2020-12-30 11:03:23','00:29:41'),(9,9,1,2,347,25,1,'1385','2020-12-30 11:03:27','00:29:37'),(10,9,1,2,248,21,1,'992','2020-12-30 11:03:29','00:29:34'),(11,9,1,2,249,21,1,'994','2020-12-30 11:03:33','00:29:31'),(12,9,1,2,353,5,1,'1409','2020-12-30 11:03:36','00:29:28'),(13,9,1,2,219,15,1,'874','2020-12-30 11:03:38','00:29:25'),(14,9,1,2,149,17,1,'596','2020-12-30 11:03:41','00:29:23'),(15,9,1,2,163,17,1,'649','2020-12-30 11:03:45','00:29:18'),(16,9,1,2,271,22,1,'1082','2020-12-30 11:03:50','00:29:14'),(17,9,1,2,365,5,1,'1458','2020-12-30 11:03:52','00:29:12'),(18,9,1,2,260,21,1,'1040','2020-12-30 11:03:53','00:29:10'),(19,9,1,2,273,22,1,'1090','2020-12-30 11:03:55','00:29:09'),(20,9,1,2,152,17,1,'605','2020-12-30 11:03:57','00:29:07'),(21,9,1,2,290,22,1,'1158','2020-12-30 11:03:59','00:29:05'),(22,9,1,2,367,5,1,'1468','2020-12-30 11:04:00','00:29:04'),(23,9,1,2,289,22,1,'1154','2020-12-30 11:04:01','00:29:03'),(24,9,1,2,360,5,1,'1437','2020-12-30 11:04:06','00:28:58'),(25,9,1,2,252,21,1,'1005','2020-12-30 11:04:09','00:28:55'),(26,9,1,2,261,21,1,'1042','2020-12-30 11:04:11','00:28:53'),(27,9,1,2,251,21,1,'1002','2020-12-30 11:04:12','00:28:52'),(28,9,1,2,272,22,1,'1087','2020-12-30 11:04:17','00:28:47'),(29,9,1,2,348,25,1,'1390','2020-12-30 11:04:24','00:28:40'),(30,9,1,2,113,16,1,'449','2020-12-30 11:04:27','00:28:37'),(31,9,1,2,151,17,1,'602','2020-12-30 11:04:28','00:28:36'),(32,9,1,2,161,17,1,'644','2020-12-30 11:04:29','00:28:35'),(33,9,1,2,381,5,1,'1522','2020-12-30 11:04:30','00:28:34'),(34,9,1,2,235,21,1,'939','2020-12-30 11:04:32','00:28:32'),(35,9,1,2,293,22,1,'1170','2020-12-30 11:04:33','00:28:31'),(36,9,1,2,253,21,1,'1011','2020-12-30 11:04:34','00:28:30'),(37,9,1,2,333,16,1,'1329','2020-12-30 11:04:37','00:28:27'),(38,9,1,2,374,5,1,'1494','2020-12-30 11:04:44','00:28:20'),(39,9,1,2,390,5,1,'1558','2020-12-30 11:04:45','00:28:19'),(40,9,1,2,155,17,1,'619','2020-12-30 11:04:46','00:28:17'),(41,9,1,2,246,21,1,'981','2020-12-30 11:04:48','00:28:16'),(42,9,1,2,380,5,1,'1518','2020-12-30 11:04:51','00:28:13'),(43,9,1,2,370,5,1,'1478','2020-12-30 11:04:52','00:28:12'),(44,9,1,2,168,18,1,'671','2020-12-30 11:04:54','00:28:10'),(45,9,1,2,122,16,1,'485','2020-12-30 11:04:59','00:28:05'),(46,9,1,2,309,23,1,'1234','2020-12-30 11:05:00','00:28:04'),(47,9,1,2,280,22,1,'1119','2020-12-30 11:05:01','00:28:02'),(48,9,1,2,382,5,1,'1525','2020-12-30 11:05:03','00:28:01'),(49,9,1,2,341,16,1,'1364','2020-12-30 11:05:04','00:28:00'),(50,9,1,2,214,20,1,'855','2020-12-30 11:05:26','00:27:38');
/*!40000 ALTER TABLE `useranswer` ENABLE KEYS */;
UNLOCK TABLES;

--
-- Table structure for table `userquestion`
--

DROP TABLE IF EXISTS `userquestion`;
/*!40101 SET @saved_cs_client     = @@character_set_client */;
/*!50503 SET character_set_client = utf8mb4 */;
CREATE TABLE `userquestion` (
  `Id` int NOT NULL AUTO_INCREMENT,
  `UserId` int DEFAULT NULL,
  `ExamGroupId` int DEFAULT NULL,
  `ExamId` int DEFAULT NULL,
  `QuestionIds` varchar(5000) DEFAULT NULL,
  PRIMARY KEY (`Id`)
) ENGINE=InnoDB AUTO_INCREMENT=2 DEFAULT CHARSET=utf8mb4 COLLATE=utf8mb4_0900_ai_ci;
/*!40101 SET character_set_client = @saved_cs_client */;

--
-- Dumping data for table `userquestion`
--

LOCK TABLES `userquestion` WRITE;
/*!40000 ALTER TABLE `userquestion` DISABLE KEYS */;
INSERT INTO `userquestion` VALUES (1,9,1,2,'114,351,153,220,156,274,145,229,347,248,249,353,219,149,163,271,365,260,273,152,290,367,289,360,252,261,251,272,348,113,151,161,381,235,293,253,333,374,390,155,246,380,370,168,122,309,280,382,341,214');
/*!40000 ALTER TABLE `userquestion` ENABLE KEYS */;
UNLOCK TABLES;

--
-- Dumping events for database 'db_q1a'
--

--
-- Dumping routines for database 'db_q1a'
--
/*!50003 DROP FUNCTION IF EXISTS `GetObtainMarks` */;
/*!50003 SET @saved_cs_client      = @@character_set_client */ ;
/*!50003 SET @saved_cs_results     = @@character_set_results */ ;
/*!50003 SET @saved_col_connection = @@collation_connection */ ;
/*!50003 SET character_set_client  = utf8mb4 */ ;
/*!50003 SET character_set_results = utf8mb4 */ ;
/*!50003 SET collation_connection  = utf8mb4_0900_ai_ci */ ;
/*!50003 SET @saved_sql_mode       = @@sql_mode */ ;
/*!50003 SET sql_mode              = 'STRICT_TRANS_TABLES,NO_ENGINE_SUBSTITUTION' */ ;
DELIMITER ;;
CREATE DEFINER=`root`@`localhost` FUNCTION `GetObtainMarks`(
egId int,
uId int
) RETURNS int
    DETERMINISTIC
BEGIN

DECLARE totalCount INT DEFAULT 0;
DECLARE i INT DEFAULT 1;
DECLARE qid INT DEFAULT 0;
DECLARE correctAnswers VARCHAR(500);
DECLARE givenAnswers VARCHAR(500);
DECLARE totalObtainMarks INT DEFAULT 0;
DECLARE TotalMarks INT DEFAULT 0;

CREATE TEMPORARY TABLE temp_useranswer
SELECT *,row_number()over(ORDER BY UserAnswerId) as Row_No FROM useranswer where examgroupid=egId and userid=uId;
SET totalCount=(select count(*) from temp_useranswer);
WHILE i <= totalCount  DO 
 SET givenAnswers=(select GivenAnswerId from temp_useranswer where Row_No=i);
 SET qid=(select QuestionId from temp_useranswer where Row_No=i);
 SET correctAnswers= (select GROUP_CONCAT(AnswerId) as AnswerId from Answer where questionid=qid and IsRightAnswer=1);
 IF(givenAnswers=correctAnswers)THEN
	SET TotalMarks = (select Marks from question where questionid=qid);
    SET totalObtainMarks =  (totalObtainMarks+TotalMarks);
 END IF;
   SET i = i + 1;
END WHILE;
DROP TEMPORARY TABLE temp_useranswer;
RETURN totalObtainMarks;
END ;;
DELIMITER ;
/*!50003 SET sql_mode              = @saved_sql_mode */ ;
/*!50003 SET character_set_client  = @saved_cs_client */ ;
/*!50003 SET character_set_results = @saved_cs_results */ ;
/*!50003 SET collation_connection  = @saved_col_connection */ ;
/*!50003 DROP FUNCTION IF EXISTS `GetRandomQuestions` */;
/*!50003 SET @saved_cs_client      = @@character_set_client */ ;
/*!50003 SET @saved_cs_results     = @@character_set_results */ ;
/*!50003 SET @saved_col_connection = @@collation_connection */ ;
/*!50003 SET character_set_client  = utf8mb4 */ ;
/*!50003 SET character_set_results = utf8mb4 */ ;
/*!50003 SET collation_connection  = utf8mb4_0900_ai_ci */ ;
/*!50003 SET @saved_sql_mode       = @@sql_mode */ ;
/*!50003 SET sql_mode              = 'STRICT_TRANS_TABLES,NO_ENGINE_SUBSTITUTION' */ ;
DELIMITER ;;
CREATE DEFINER=`root`@`localhost` FUNCTION `GetRandomQuestions`(
catid varchar(50),
queLimit int,
quemarks varchar(5000),
queCount varchar(5000)
) RETURNS varchar(5000) CHARSET utf8mb4
    DETERMINISTIC
BEGIN
Declare queIds varchar(5000);
CALL Split_String(catid); 
CREATE TEMPORARY TABLE temp_categories 
select * from Temp;
set queIds=(select GROUP_CONCAT(questionid) from Question where questionid in(select val from temp_categories) ORDER BY RAND() LIMIT queLimit);
RETURN queIds;
END ;;
DELIMITER ;
/*!50003 SET sql_mode              = @saved_sql_mode */ ;
/*!50003 SET character_set_client  = @saved_cs_client */ ;
/*!50003 SET character_set_results = @saved_cs_results */ ;
/*!50003 SET collation_connection  = @saved_col_connection */ ;
/*!50003 DROP PROCEDURE IF EXISTS `DownloadResult` */;
/*!50003 SET @saved_cs_client      = @@character_set_client */ ;
/*!50003 SET @saved_cs_results     = @@character_set_results */ ;
/*!50003 SET @saved_col_connection = @@collation_connection */ ;
/*!50003 SET character_set_client  = utf8mb4 */ ;
/*!50003 SET character_set_results = utf8mb4 */ ;
/*!50003 SET collation_connection  = utf8mb4_0900_ai_ci */ ;
/*!50003 SET @saved_sql_mode       = @@sql_mode */ ;
/*!50003 SET sql_mode              = 'STRICT_TRANS_TABLES,NO_ENGINE_SUBSTITUTION' */ ;
DELIMITER ;;
CREATE DEFINER=`root`@`localhost` PROCEDURE `DownloadResult`(
In ExamGroupId int
)
BEGIN
select ROW_NUMBER() OVER (
		ORDER BY ae.UserId
	) 'SNo',Concat(u.FirstName,' ',u.LastName) as Name,u.MobileNo as Contact,u.Email,un.UniversityName,
u.PercentageIn10th as 'X',
u.PercentageIn12th as'XII',u.PercentageInGraduation as'Grad',u.PercentageInPG as 'PG',ifnull(ate.Percentage,0) as Q1AScore
from assignexam ae
left join user u on ae.UserId=u.UserId
left join attemptedexams ate on ate.examgroupid=ae.examgroupid and ate.UserId=u.UserId
left join university un on un.universityid=u.universityid
where ae.examgroupid=ExamGroupId;
END ;;
DELIMITER ;
/*!50003 SET sql_mode              = @saved_sql_mode */ ;
/*!50003 SET character_set_client  = @saved_cs_client */ ;
/*!50003 SET character_set_results = @saved_cs_results */ ;
/*!50003 SET collation_connection  = @saved_col_connection */ ;
/*!50003 DROP PROCEDURE IF EXISTS `GetAllSubjects` */;
/*!50003 SET @saved_cs_client      = @@character_set_client */ ;
/*!50003 SET @saved_cs_results     = @@character_set_results */ ;
/*!50003 SET @saved_col_connection = @@collation_connection */ ;
/*!50003 SET character_set_client  = utf8mb4 */ ;
/*!50003 SET character_set_results = utf8mb4 */ ;
/*!50003 SET collation_connection  = utf8mb4_0900_ai_ci */ ;
/*!50003 SET @saved_sql_mode       = @@sql_mode */ ;
/*!50003 SET sql_mode              = 'STRICT_TRANS_TABLES,NO_ENGINE_SUBSTITUTION' */ ;
DELIMITER ;;
CREATE DEFINER=`root`@`localhost` PROCEDURE `GetAllSubjects`()
BEGIN
    SELECT *  FROM subject;
END ;;
DELIMITER ;
/*!50003 SET sql_mode              = @saved_sql_mode */ ;
/*!50003 SET character_set_client  = @saved_cs_client */ ;
/*!50003 SET character_set_results = @saved_cs_results */ ;
/*!50003 SET collation_connection  = @saved_col_connection */ ;
/*!50003 DROP PROCEDURE IF EXISTS `GetAssignedExamList` */;
/*!50003 SET @saved_cs_client      = @@character_set_client */ ;
/*!50003 SET @saved_cs_results     = @@character_set_results */ ;
/*!50003 SET @saved_col_connection = @@collation_connection */ ;
/*!50003 SET character_set_client  = utf8mb4 */ ;
/*!50003 SET character_set_results = utf8mb4 */ ;
/*!50003 SET collation_connection  = utf8mb4_0900_ai_ci */ ;
/*!50003 SET @saved_sql_mode       = @@sql_mode */ ;
/*!50003 SET sql_mode              = 'STRICT_TRANS_TABLES,NO_ENGINE_SUBSTITUTION' */ ;
DELIMITER ;;
CREATE DEFINER=`root`@`localhost` PROCEDURE `GetAssignedExamList`(
IN page_no int,
IN page_size int,
IN userid int,
IN category_id int,
IN skill_id int,
In examTitle varchar(50),
IN date varchar(200)
)
BEGIN
DECLARE _statement VARCHAR(8000);
SET page_no= page_no-1;
SET _statement = 'select (select count(ExamGroupId)from exam_group) as TotalCount,
(select Count(*) from assignexam aee where aee.ExamGroupId=eg.ExamId) as TotalUsers, 
eg.ExamGroupId,eg.ExamId,eg.CreatedDate,eg.ExamDate,E.Title as ExamName,C.CategoryName,S.SkillName,E.Duration,E.TotalMarks,E.PassMarks,
es.Status,es.DisplayText from exam_group eg
left join Exams E On eg.ExamId = E.ExamId 
left join Category C on E.CategoryId=C.CategoryId left join Skill S on E.SkillId=S.SkillId 
left join attemptedexams aex on aex.ExamId=eg.ExamId 
left join exam_status es on IFNULL(aex.ExamStatusId,1)=es.StatusId ';
SET _statement = CONCAT(_statement, 'WHERE 1=1 ');

IF(userid > 0) THEN
	SET @userid = userid;
  	SET _statement = 'select eg.ExamGroupId,eg.ExamId,eg.CreatedDate,eg.ExamDate,E.Title as ExamName,C.CategoryName,S.SkillName,E.Duration,E.TotalMarks,E.PassMarks,es.Status,es.DisplayText from exam_group eg right join assignexam ae on eg.ExamGroupId=ae.ExamGroupId left join Exams E On eg.ExamId = E.ExamId left join Category C on E.CategoryId=C.CategoryId left join Skill S on E.SkillId=S.SkillId left join attemptedexams aex on aex.ExamId=eg.ExamId left join exam_status es on IFNULL(aex.ExamStatusId,1)=es.StatusId  ';
    SET _statement = CONCAT(_statement, 'WHERE 1=1 ');
	SET _statement = CONCAT(_statement, 'and ae.UserId=',  userid);
END IF;

IF(category_id > 0) THEN
	 SET _statement = CONCAT(_statement, 'and E.categoryid=',  category_id);
END IF;

IF(skill_id  > 0) THEN
	SET _statement = CONCAT(_statement, ' and E.skillid=',  skill_id);
END IF;

IF(examTitle  !="") THEN
	SET _statement = CONCAT(_statement, ' and E.Title LIKE''%',  examTitle,'%''');
END IF;
IF(date  !="") THEN
	SET _statement = CONCAT(_statement, ' and DATE_FORMAT(eg.ExamDate,"%Y-%m-%d")=''',  date,'''');
END IF;

SET _statement = CONCAT(_statement,' order by eg.ExamDate asc');

SET _statement = CONCAT(_statement,' LIMIT ',page_size,' OFFSET ',page_no*page_size);

/*For print query*/
#SELECT _statement;

SET @statement = _statement;
PREPARE dynquery FROM @statement;
EXECUTE dynquery;
DEALLOCATE PREPARE dynquery;

END ;;
DELIMITER ;
/*!50003 SET sql_mode              = @saved_sql_mode */ ;
/*!50003 SET character_set_client  = @saved_cs_client */ ;
/*!50003 SET character_set_results = @saved_cs_results */ ;
/*!50003 SET collation_connection  = @saved_col_connection */ ;
/*!50003 DROP PROCEDURE IF EXISTS `GetAssignedExamUserList` */;
/*!50003 SET @saved_cs_client      = @@character_set_client */ ;
/*!50003 SET @saved_cs_results     = @@character_set_results */ ;
/*!50003 SET @saved_col_connection = @@collation_connection */ ;
/*!50003 SET character_set_client  = utf8mb4 */ ;
/*!50003 SET character_set_results = utf8mb4 */ ;
/*!50003 SET collation_connection  = utf8mb4_0900_ai_ci */ ;
/*!50003 SET @saved_sql_mode       = @@sql_mode */ ;
/*!50003 SET sql_mode              = 'STRICT_TRANS_TABLES,NO_ENGINE_SUBSTITUTION' */ ;
DELIMITER ;;
CREATE DEFINER=`root`@`localhost` PROCEDURE `GetAssignedExamUserList`(
IN ExmId int
)
BEGIN
select ae.*,U.FirstName,U.LastName,UN.UniversityName from assignexam ae 
left join User U ON ae.UserId=U.UserId 
left join University UN ON U.UniversityId=UN.UniversityId
where ExamId=ExmId;
END ;;
DELIMITER ;
/*!50003 SET sql_mode              = @saved_sql_mode */ ;
/*!50003 SET character_set_client  = @saved_cs_client */ ;
/*!50003 SET character_set_results = @saved_cs_results */ ;
/*!50003 SET collation_connection  = @saved_col_connection */ ;
/*!50003 DROP PROCEDURE IF EXISTS `GetAttemptedExamList` */;
/*!50003 SET @saved_cs_client      = @@character_set_client */ ;
/*!50003 SET @saved_cs_results     = @@character_set_results */ ;
/*!50003 SET @saved_col_connection = @@collation_connection */ ;
/*!50003 SET character_set_client  = utf8mb4 */ ;
/*!50003 SET character_set_results = utf8mb4 */ ;
/*!50003 SET collation_connection  = utf8mb4_0900_ai_ci */ ;
/*!50003 SET @saved_sql_mode       = @@sql_mode */ ;
/*!50003 SET sql_mode              = 'STRICT_TRANS_TABLES,NO_ENGINE_SUBSTITUTION' */ ;
DELIMITER ;;
CREATE DEFINER=`root`@`localhost` PROCEDURE `GetAttemptedExamList`()
BEGIN
select eg.ExamGroupId,eg.ExamId,E.Title as ExamName,eg.ExamDate,E.TotalMarks,
(select Count(*) from assignexam aee where aee.ExamGroupId=eg.ExamGroupId) as TotalUsers,
(select Count(*) from attemptedexams where ExamGroupId=eg.ExamGroupId and ExamStatusId in(2,3)) as AttemptedUsers
from attemptedexams ae
left join exam_group eg on ae.examgroupid=eg.examgroupid
left join Exams E On eg.ExamId = E.ExamId order by eg.ExamDate asc;
END ;;
DELIMITER ;
/*!50003 SET sql_mode              = @saved_sql_mode */ ;
/*!50003 SET character_set_client  = @saved_cs_client */ ;
/*!50003 SET character_set_results = @saved_cs_results */ ;
/*!50003 SET collation_connection  = @saved_col_connection */ ;
/*!50003 DROP PROCEDURE IF EXISTS `GetExamList` */;
/*!50003 SET @saved_cs_client      = @@character_set_client */ ;
/*!50003 SET @saved_cs_results     = @@character_set_results */ ;
/*!50003 SET @saved_col_connection = @@collation_connection */ ;
/*!50003 SET character_set_client  = utf8mb4 */ ;
/*!50003 SET character_set_results = utf8mb4 */ ;
/*!50003 SET collation_connection  = utf8mb4_0900_ai_ci */ ;
/*!50003 SET @saved_sql_mode       = @@sql_mode */ ;
/*!50003 SET sql_mode              = 'STRICT_TRANS_TABLES,NO_ENGINE_SUBSTITUTION' */ ;
DELIMITER ;;
CREATE DEFINER=`root`@`localhost` PROCEDURE `GetExamList`(
IN page_no int,
IN page_size int,
IN category_id int,
IN skill_id int,
In examTitle varchar(50),
IN date varchar(200)
)
BEGIN
DECLARE _statement VARCHAR(8000);
SET page_no= page_no-1;
SET _statement = 'select E.*,(select count(*) from exams)TotalCount,C.CategoryName,S.SkillName from exams E LEFT JOIN Category C ON E.CategoryId=C.CategoryId LEFT JOIN Skill S ON E.SkillId=S.SkillId ';
SET _statement = CONCAT(_statement, 'WHERE 1=1 ');

IF(category_id > 0) THEN
	 SET _statement = CONCAT(_statement, 'and E.categoryid=',  category_id);
END IF;

IF(skill_id  > 0) THEN
	SET _statement = CONCAT(_statement, ' and E.skillid=',  skill_id);
END IF;

IF(examTitle  !="") THEN
	SET _statement = CONCAT(_statement, ' and E.Title LIKE''%',  examTitle,'%''');
END IF;
IF(date  !="") THEN
	SET _statement = CONCAT(_statement, ' and DATE_FORMAT(E.CreatedDate,"%m/%d/%Y")=''',  date,'''');
END IF;

SET _statement = CONCAT(_statement,' LIMIT ',page_size,' OFFSET ',page_no*page_size);

/*For print query*/
#SELECT _statement;

SET @statement = _statement;
PREPARE dynquery FROM @statement;
EXECUTE dynquery;
DEALLOCATE PREPARE dynquery;

END ;;
DELIMITER ;
/*!50003 SET sql_mode              = @saved_sql_mode */ ;
/*!50003 SET character_set_client  = @saved_cs_client */ ;
/*!50003 SET character_set_results = @saved_cs_results */ ;
/*!50003 SET collation_connection  = @saved_col_connection */ ;
/*!50003 DROP PROCEDURE IF EXISTS `GetQuestionList` */;
/*!50003 SET @saved_cs_client      = @@character_set_client */ ;
/*!50003 SET @saved_cs_results     = @@character_set_results */ ;
/*!50003 SET @saved_col_connection = @@collation_connection */ ;
/*!50003 SET character_set_client  = utf8mb4 */ ;
/*!50003 SET character_set_results = utf8mb4 */ ;
/*!50003 SET collation_connection  = utf8mb4_0900_ai_ci */ ;
/*!50003 SET @saved_sql_mode       = @@sql_mode */ ;
/*!50003 SET sql_mode              = 'STRICT_TRANS_TABLES,NO_ENGINE_SUBSTITUTION' */ ;
DELIMITER ;;
CREATE DEFINER=`root`@`localhost` PROCEDURE `GetQuestionList`( 
IN page_no int,
IN page_size int,
IN category_id int,
IN skill_id int,
IN question_text varchar(500),
IN question_type varchar(100),
IN date varchar(200)
)
BEGIN
DECLARE _statement VARCHAR(8000);
DECLARE whereVariable VARCHAR(5000);
SET page_no= page_no-1;

SET _statement = 'select (select count(*) from question)TotalCount,Q.*,C.CategoryName,S.SkillName from Question Q LEFT JOIN Category C ON Q.CategoryId=C.CategoryId LEFT JOIN Skill S ON Q.SkillId=S.SkillId ';
SET _statement = CONCAT(_statement, 'WHERE 1=1 ');

IF(category_id > 0) THEN
	 SET _statement = CONCAT(_statement, 'and Q.categoryid=',  category_id);
END IF;

IF(skill_id  > 0) THEN
	SET _statement = CONCAT(_statement, ' and Q.skillid=',  skill_id);
END IF;

IF(question_text  !="") THEN
	SET _statement = CONCAT(_statement, ' and Q.QuestionText LIKE''%',  question_text,'%''');
END IF;

IF(question_type  !="") THEN
	SET _statement = CONCAT(_statement, ' and Q.QuestionType=''',  question_type,'''');
END IF;

IF(date  !="") THEN
	SET _statement = CONCAT(_statement, ' and DATE_FORMAT(Q.CreatedDate,"%m/%d/%Y")=''',  date,'''');
END IF;

SET _statement = CONCAT(_statement,' LIMIT ',page_size,' OFFSET ',page_no*page_size);

/*For print query*/
#SELECT _statement;

SET @statement = _statement;
PREPARE dynquery FROM @statement;
EXECUTE dynquery;
DEALLOCATE PREPARE dynquery;

END ;;
DELIMITER ;
/*!50003 SET sql_mode              = @saved_sql_mode */ ;
/*!50003 SET character_set_client  = @saved_cs_client */ ;
/*!50003 SET character_set_results = @saved_cs_results */ ;
/*!50003 SET collation_connection  = @saved_col_connection */ ;
/*!50003 DROP PROCEDURE IF EXISTS `GetQuestionListByExamId` */;
/*!50003 SET @saved_cs_client      = @@character_set_client */ ;
/*!50003 SET @saved_cs_results     = @@character_set_results */ ;
/*!50003 SET @saved_col_connection = @@collation_connection */ ;
/*!50003 SET character_set_client  = utf8mb4 */ ;
/*!50003 SET character_set_results = utf8mb4 */ ;
/*!50003 SET collation_connection  = utf8mb4_0900_ai_ci */ ;
/*!50003 SET @saved_sql_mode       = @@sql_mode */ ;
/*!50003 SET sql_mode              = 'STRICT_TRANS_TABLES,NO_ENGINE_SUBSTITUTION' */ ;
DELIMITER ;;
CREATE DEFINER=`root`@`localhost` PROCEDURE `GetQuestionListByExamId`(
	IN ExmId int,
    IN UsrId int,
    IN ExmGrpId int
)
BEGIN
set @examStatus=(select ExamStatusId from attemptedexams where ExamGroupId=ExmGrpId and userid=UsrId);
if(@examStatus=2) THEN
	Select questionids into @Ids  from userquestion Where ExamGroupId=ExmGrpId and UserId=UsrId;
    CALL str_split(@Ids);
   	select * from Question where questionid in(select val from tempids);
	select A.*,IfNUll(IF((select UserAnswerId from useranswer 
	where CONCAT(',', GivenAnswerId, ',') like concat('%,',A.AnswerId,',%') and ExamGroupId=ExmGrpId and UserId=UsrId)>0,true,false),0) as IsSelected from Answer A 
	where QuestionId in(select QuestionId from tempids);
	set @Ids='';
ELSE
	CALL GetRandomQuestions(ExmId);
	select A.*,IfNUll(IF((select UserAnswerId from useranswer 
	where CONCAT(',', GivenAnswerId, ',') like concat('%,',A.AnswerId,',%') and ExamGroupId=ExmGrpId and UserId=UsrId)>0,true,false),0) as IsSelected from Answer A 
	where QuestionId in(select QuestionId from exam_rand_ques);
    set @queIds= (select group_concat(questionid) from exam_rand_ques) ;
    Insert into userquestion(UserId,ExamGroupId,ExamId,QuestionIds)values(UsrId,ExmGrpId,ExmId,@queIds);
    insert into attemptedexams(ExamGroupId,ExamId,UserId,TotalQuestions,NotAttemptedQuestions,AttemptedQuestions,MarksObtained,Percentage,Result,ExamDate,ExamStatusId)
	values(ExmGrpId,ExmId,UsrId,0,0,0,0,0,false,now(),2);
    #Update userquestion set questionids=@queIds where examid=ExmId;
END IF;
END ;;
DELIMITER ;
/*!50003 SET sql_mode              = @saved_sql_mode */ ;
/*!50003 SET character_set_client  = @saved_cs_client */ ;
/*!50003 SET character_set_results = @saved_cs_results */ ;
/*!50003 SET collation_connection  = @saved_col_connection */ ;
/*!50003 DROP PROCEDURE IF EXISTS `GetRandomQuestions` */;
/*!50003 SET @saved_cs_client      = @@character_set_client */ ;
/*!50003 SET @saved_cs_results     = @@character_set_results */ ;
/*!50003 SET @saved_col_connection = @@collation_connection */ ;
/*!50003 SET character_set_client  = utf8mb4 */ ;
/*!50003 SET character_set_results = utf8mb4 */ ;
/*!50003 SET collation_connection  = utf8mb4_0900_ai_ci */ ;
/*!50003 SET @saved_sql_mode       = @@sql_mode */ ;
/*!50003 SET sql_mode              = 'STRICT_TRANS_TABLES,NO_ENGINE_SUBSTITUTION' */ ;
DELIMITER ;;
CREATE DEFINER=`root`@`localhost` PROCEDURE `GetRandomQuestions`(
In ExmId int
)
BEGIN
Declare queIds varchar(5000);
Declare queLimit,i ,max, mark, count_easy, count_medium, count_hard int;
set @catId=(select CategoryId from Exams Where ExamId=ExmId);
set @skillId=(select SkillId from Exams Where ExamId=ExmId);
#-----------Create temp table for insert category ids -----------#
	
	CALL str_split(@catId); # Call Split procedure for split categoryids into rows
	CREATE TEMPORARY TABLE temp_categories(val int);
    INSERT INTO temp_categories(val) select val from tempids;
	
#---------------------------------END---------------------------------#

#-----------Create temp table for insert skills ids -----------#
	CALL str_split(@skillId); # Call Split procedure for split skillids into rows   
	CREATE TEMPORARY TABLE temp_skills (val int);
	INSERT INTO temp_skills(val) select val from tempids;
#---------------------------------END---------------------------------#

set queLimit=(select sum(MarksCount) from include_marks where ExamId=ExmId); #Get TotalQuestion Count of exam;

create temporary table ques
(row_no int auto_increment primary key, 
mark_no int, 
mark_count int,
HardQuestionCount int,
MediumQuestionCount int,
EasyQuestionCount int);

insert into ques(mark_no,mark_count,HardQuestionCount, MediumQuestionCount, EasyQuestionCount) 
select i.MarksNo, i.MarksCount, i.HardQuestionCount, i.MediumQuestionCount, i.EasyQuestionCount  from include_marks i where i.ExamId=ExmId;

set max=found_rows(), i =1;

Drop table IF EXISTS exam_rand_ques; 
create temporary table if not exists exam_rand_ques as (select * from question where 1=0);

while i<=max do
set mark = (select mark_no from ques where row_no=i);
set count_easy = (select EasyQuestionCount from ques where row_no=i);
set count_medium = (select MediumQuestionCount from ques where row_no=i);
set count_hard = (select HardQuestionCount from ques where row_no=i);
#select mark,count_easy,count_medium,count_hard;
insert into exam_rand_ques 
(select * from Question q where q.CategoryId in(select val from temp_categories) and q.SkillId in (select val from temp_skills) 
and q.marks=mark and q.DifficultyLevelID= (select d.id from difficulty_level d where d.level='Easy') 
ORDER BY RAND() LIMIT count_easy);

insert into exam_rand_ques 
(select * from Question q where q.CategoryId in(select val from temp_categories) and q.SkillId in (select val from temp_skills) 
and q.marks=mark and q.DifficultyLevelID= (select d.id from difficulty_level d where d.level='Medium') 
ORDER BY RAND() LIMIT count_medium);

insert into exam_rand_ques 
(select * from Question q where q.CategoryId in(select val from temp_categories) and q.SkillId in (select val from temp_skills) 
and q.marks=mark and q.DifficultyLevelID= (select d.id from difficulty_level d where d.level='Hard') 
ORDER BY RAND() LIMIT count_hard);

set i = i + 1;
end while;
#---------------------------------Drop Temp Tables---------------------------------#
select * from exam_rand_ques;
drop table ques;
drop table temp_categories;
drop table temp_skills;

#---------------------------------END Drop Tables---------------------------------#
END ;;
DELIMITER ;
/*!50003 SET sql_mode              = @saved_sql_mode */ ;
/*!50003 SET character_set_client  = @saved_cs_client */ ;
/*!50003 SET character_set_results = @saved_cs_results */ ;
/*!50003 SET collation_connection  = @saved_col_connection */ ;
/*!50003 DROP PROCEDURE IF EXISTS `GetResult` */;
/*!50003 SET @saved_cs_client      = @@character_set_client */ ;
/*!50003 SET @saved_cs_results     = @@character_set_results */ ;
/*!50003 SET @saved_col_connection = @@collation_connection */ ;
/*!50003 SET character_set_client  = utf8mb4 */ ;
/*!50003 SET character_set_results = utf8mb4 */ ;
/*!50003 SET collation_connection  = utf8mb4_0900_ai_ci */ ;
/*!50003 SET @saved_sql_mode       = @@sql_mode */ ;
/*!50003 SET sql_mode              = 'STRICT_TRANS_TABLES,NO_ENGINE_SUBSTITUTION' */ ;
DELIMITER ;;
CREATE DEFINER=`root`@`localhost` PROCEDURE `GetResult`(
IN eid int,
IN uid int,
IN egid int
)
BEGIN
DECLARE attemptedExamCount int default 0;
CREATE TEMPORARY TABLE IF NOT EXISTS `temp_result`
WITH CTE as(
 select AE.UserId,EG.ExamId,EG.ExamGroupId,E.Title as ExamTitle,U.FirstName,U.LastName,U.Email,E.TotalMarks,E.PassMarks,
(select count(UserAnswerId) from useranswer  where  GivenAnswerId=''and ExamGroupId=EG.ExamGroupId and UserId=AE.UserId) as NotAttemptedQuestions,
(select count(UserAnswerId) from useranswer  where  GivenAnswerId<>''and ExamGroupId=EG.ExamGroupId and UserId=AE.UserId) as AttemptedQuestions,
(select GetObtainMarks(egid,uid)) as ObtainMarks,
(select CHAR_LENGTH(uq.QuestionIds) - CHAR_LENGTH(REPLACE(uq.QuestionIds, ',', ''))) + 1 as TotalQuestions
from exam_group EG 
LEFT JOIN AssignExam AE ON AE.ExamGroupId=EG.ExamGroupId
LEFT JOIN Exams E ON EG.ExamId=E.ExamId
LEFT JOIN User U ON AE.UserId=U.UserId 
LEFT JOIN userquestion uq on EG.ExamGroupId=uq.ExamGroupId  and uq.UserId=AE.UserId
WHERE EG.ExamGroupId=egid and AE.UserId=uid
)
SELECT *,IFNULL(ROUND(cast((ObtainMarks/TotalMarks)*100 as float),0),0) as Percentage,IF(ObtainMarks < PassMarks ,0,1) as Result FROM CTE;
SET attemptedExamCount=(select count(*) from attemptedexams atpex where atpex.ExamGroupId=egid and UserId=uid);
IF(attemptedExamCount=0)THEN
Insert into attemptedexams(ExamGroupId,ExamId,UserId,TotalQuestions,NotAttemptedQuestions,AttemptedQuestions,MarksObtained,Percentage,Result,ExamDate,ExamStatusId)
(select ExamGroupId,ExamId,UserId,TotalQuestions,NotAttemptedQuestions,AttemptedQuestions,ObtainMarks,Percentage,Result,NOW(),3 from temp_result);
ELSE 
UPDATE attemptedexams a
         INNER JOIN temp_result t ON a.ExamGroupId = t.ExamGroupId and a.UserId=t.UserId
SET a.TotalQuestions = t.TotalQuestions,a.NotAttemptedQuestions=t.NotAttemptedQuestions,a.AttemptedQuestions=t.AttemptedQuestions,a.MarksObtained=t.ObtainMarks,a.Percentage=t.Percentage,a.Result=t.Result,a.ExamDate=Now(),a.ExamStatusId=3 where a.ExamGroupId=egid and a.UserId=uid;
END IF;
select * from temp_result;
drop table temp_result;
end ;;
DELIMITER ;
/*!50003 SET sql_mode              = @saved_sql_mode */ ;
/*!50003 SET character_set_client  = @saved_cs_client */ ;
/*!50003 SET character_set_results = @saved_cs_results */ ;
/*!50003 SET collation_connection  = @saved_col_connection */ ;
/*!50003 DROP PROCEDURE IF EXISTS `GetUserList` */;
/*!50003 SET @saved_cs_client      = @@character_set_client */ ;
/*!50003 SET @saved_cs_results     = @@character_set_results */ ;
/*!50003 SET @saved_col_connection = @@collation_connection */ ;
/*!50003 SET character_set_client  = utf8mb4 */ ;
/*!50003 SET character_set_results = utf8mb4 */ ;
/*!50003 SET collation_connection  = utf8mb4_0900_ai_ci */ ;
/*!50003 SET @saved_sql_mode       = @@sql_mode */ ;
/*!50003 SET sql_mode              = 'STRICT_TRANS_TABLES,NO_ENGINE_SUBSTITUTION' */ ;
DELIMITER ;;
CREATE DEFINER=`root`@`localhost` PROCEDURE `GetUserList`(
IN page_no int,
IN page_size int,
IN cityid int,
IN stateid int,
IN countryid int,
IN universityid int,
IN username varchar(50),
IN date varchar(200)
)
BEGIN
DECLARE _statement VARCHAR(8000);
DECLARE whereVariable VARCHAR(5000);
SET page_no= page_no-1;

SET _statement = 'select CONCAT(U.FirstName, '' '',''('', U.Email,'')'') as NameWithEmail,U.*,(select count(*) from User WHERE RoleId=2)TotalCount,C.CountryName,S.StateName,CI.CityName,UN.UniversityName from User U LEFT JOIN Country C ON  U.CountryId=C.CountryId LEFT JOIN State S ON U.StateId=S.StateId LEFT JOIN City CI ON U.CityId=CI.CityId LEFT JOIN University UN ON U.UniversityId=UN.UniversityId ';
SET _statement = CONCAT(_statement, 'WHERE RoleId=2 ');

IF(cityid > 0) THEN
	 SET _statement = CONCAT(_statement, 'and U.cityid=',  cityid);
END IF;

IF(stateid  > 0) THEN
	SET _statement = CONCAT(_statement, ' and U.stateid=',  stateid);
END IF;

IF(countryid > 0) THEN
	SET _statement = CONCAT(_statement, ' and U.countryid=',  countryid);
END IF;
IF(universityid > 0) THEN
	SET _statement = CONCAT(_statement, ' and U.universityid=',  universityid);
END IF;
IF(username !="") THEN
	SET _statement = CONCAT(_statement, ' and U.FirstName LIKE ''%',  username,'%''');
END IF;
IF(date  !="") THEN
	SET _statement = CONCAT(_statement, ' and DATE_FORMAT(U.CreatedDate,"%m/%d/%Y")=''',  date,'''');
END IF;

IF(page_no > -1 and page_size > 0) THEN
  SET _statement = CONCAT(_statement,' LIMIT ',page_size,' OFFSET ',page_no*page_size);
END IF;
/*For print query*/
#SELECT _statement;

SET @statement = _statement;
PREPARE dynquery FROM @statement;
EXECUTE dynquery;
DEALLOCATE PREPARE dynquery;

END ;;
DELIMITER ;
/*!50003 SET sql_mode              = @saved_sql_mode */ ;
/*!50003 SET character_set_client  = @saved_cs_client */ ;
/*!50003 SET character_set_results = @saved_cs_results */ ;
/*!50003 SET collation_connection  = @saved_col_connection */ ;
/*!50003 DROP PROCEDURE IF EXISTS `Split_String` */;
/*!50003 SET @saved_cs_client      = @@character_set_client */ ;
/*!50003 SET @saved_cs_results     = @@character_set_results */ ;
/*!50003 SET @saved_col_connection = @@collation_connection */ ;
/*!50003 SET character_set_client  = utf8mb4 */ ;
/*!50003 SET character_set_results = utf8mb4 */ ;
/*!50003 SET collation_connection  = utf8mb4_0900_ai_ci */ ;
/*!50003 SET @saved_sql_mode       = @@sql_mode */ ;
/*!50003 SET sql_mode              = 'STRICT_TRANS_TABLES,NO_ENGINE_SUBSTITUTION' */ ;
DELIMITER ;;
CREATE DEFINER=`root`@`localhost` PROCEDURE `Split_String`( 
  IN val varchar(3000)
)
BEGIN  
Drop table IF EXISTS Temp;
 CREATE TEMPORARY TABLE IF NOT EXISTS Temp(
    val INT
);
Insert into Temp
SELECT
  DISTINCT SUBSTRING_INDEX(SUBSTRING_INDEX(val, ',', n.digit+1), ',', -1) val
FROM
  exams
  INNER JOIN
  (SELECT 0 digit UNION ALL SELECT 1 UNION ALL SELECT 2 UNION ALL SELECT 3  UNION ALL SELECT 4 UNION ALL SELECT 5 UNION ALL SELECT 6) n
  ON LENGTH(REPLACE(val, ',' , '')) <= LENGTH(val)-n.digit;
  END ;;
DELIMITER ;
/*!50003 SET sql_mode              = @saved_sql_mode */ ;
/*!50003 SET character_set_client  = @saved_cs_client */ ;
/*!50003 SET character_set_results = @saved_cs_results */ ;
/*!50003 SET collation_connection  = @saved_col_connection */ ;
/*!50003 DROP PROCEDURE IF EXISTS `str_split` */;
/*!50003 SET @saved_cs_client      = @@character_set_client */ ;
/*!50003 SET @saved_cs_results     = @@character_set_results */ ;
/*!50003 SET @saved_col_connection = @@collation_connection */ ;
/*!50003 SET character_set_client  = utf8mb4 */ ;
/*!50003 SET character_set_results = utf8mb4 */ ;
/*!50003 SET collation_connection  = utf8mb4_0900_ai_ci */ ;
/*!50003 SET @saved_sql_mode       = @@sql_mode */ ;
/*!50003 SET sql_mode              = 'STRICT_TRANS_TABLES,NO_ENGINE_SUBSTITUTION' */ ;
DELIMITER ;;
CREATE DEFINER=`root`@`localhost` PROCEDURE `str_split`(
IN str VARCHAR(4000)
)
BEGIN
DECLARE delimIdx int default 0;
DECLARE charIdx int default 1;
DECLARE rest_str varchar(4000) default '';
DECLARE store_str varchar(4000) default '';
create TEMPORARY table IF NOT EXISTS tempids ( val int);
truncate table tempids;
set @rest_str = str;
set  @delimIdx = LOCATE(',',@rest_str);
set @charIdx = 1;
set @store_str = SUBSTRING(@rest_str,@charIdx,@delimIdx-1);
set @rest_str = SUBSTRING(@rest_str from @delimIdx+1);
if length(trim(@store_str)) = 0   then
    set @store_str = @rest_str;
end if;
INSERT INTO tempids
SELECT (@store_str + 0);
WHILE @delimIdx <> 0 DO
    set  @delimIdx = LOCATE(',',@rest_str);
    set @charIdx = 1;
    set @store_str = SUBSTRING(@rest_str,@charIdx,@delimIdx-1);
    set @rest_str = SUBSTRING(@rest_str from @delimIdx+1);

    if length(trim(@store_str)) = 0   then
        set @store_str = @rest_str;
    end if;
    INSERT INTO tempids(val)
    SELECT (@store_str + 0);
END WHILE;
#select val from tempids;
END ;;
DELIMITER ;
/*!50003 SET sql_mode              = @saved_sql_mode */ ;
/*!50003 SET character_set_client  = @saved_cs_client */ ;
/*!50003 SET character_set_results = @saved_cs_results */ ;
/*!50003 SET collation_connection  = @saved_col_connection */ ;
/*!40103 SET TIME_ZONE=@OLD_TIME_ZONE */;

/*!40101 SET SQL_MODE=@OLD_SQL_MODE */;
/*!40014 SET FOREIGN_KEY_CHECKS=@OLD_FOREIGN_KEY_CHECKS */;
/*!40014 SET UNIQUE_CHECKS=@OLD_UNIQUE_CHECKS */;
/*!40101 SET CHARACTER_SET_CLIENT=@OLD_CHARACTER_SET_CLIENT */;
/*!40101 SET CHARACTER_SET_RESULTS=@OLD_CHARACTER_SET_RESULTS */;
/*!40101 SET COLLATION_CONNECTION=@OLD_COLLATION_CONNECTION */;
/*!40111 SET SQL_NOTES=@OLD_SQL_NOTES */;

-- Dump completed on 2021-02-12 17:24:23
